source_apartment_id,recommended_apartment_id,rank,similarity_score
1,597,1,0.3208464315824477
1,9,2,0.09103968387912949
2,632,1,0.9404328740693468
2,690,2,0.9391577166320235
2,414,3,0.9385919554976201
2,652,4,0.9264555803554834
2,477,5,0.9203637210173384
3,408,1,0.9067664261209956
3,407,2,0.9025300520593627
3,550,3,0.8848110860577129
3,383,4,0.7957338636413789
3,378,5,0.7272869672447297
4,620,1,0.8038056538408827
4,518,2,0.5780090373249736
5,445,1,0.9101460689297007
5,480,2,0.9098637445440393
5,409,3,0.8969091940323094
5,479,4,0.8936585607905337
5,619,5,0.862212587311688
6,588,1,0.8275009843440227
6,689,2,0.7070815219823249
6,686,3,0.6923273241607824
6,481,4,0.6361280018287738
6,653,5,0.6344319361245814
7,595,1,0.9005123849101936
7,594,2,0.8472383079579727
8,694,1,0.7375730151842635
8,687,2,0.7061568159867443
8,693,3,0.6326595899811556
8,485,4,0.6293264729040033
8,622,5,0.6011534956881807
9,597,1,0.7086002369809219
9,1,2,0.09103968387912949
10,622,1,0.8131542621606793
10,485,2,0.7036590621981816
10,693,3,0.48482015390290384
10,8,4,0.4281698147311704
10,687,5,0.3672508847156679
11,492,1,0.8451822844233806
11,685,2,0.8188566660942534
11,443,3,0.7857340437691304
11,444,4,0.7857340437691304
11,12,5,0.7747510281096913
12,630,1,0.8850003930455815
12,492,2,0.8512458983500941
12,443,3,0.8383865604783
12,444,4,0.8383865604783
12,662,5,0.8315101195731139
13,17,1,0.8708979816049213
13,454,2,0.842804902455582
13,455,3,0.8427354844603996
13,553,4,0.840091703030564
13,662,5,0.8348926171551427
14,478,1,0.9459160833033995
14,441,2,0.9297619818219164
14,414,3,0.9052545001156244
14,523,4,0.8687260392666647
14,489,5,0.867961290688954
15,688,1,0.9457205895095803
15,516,2,0.9428399987835887
15,439,3,0.886569530120682
15,649,4,0.849234229108811
15,525,5,0.767129873308183
16,684,1,0.798063460969215
16,455,2,0.6747223744171913
16,378,3,0.36258162131268934
16,407,4,0.2690254670267769
16,3,5,0.25463353212564066
17,651,1,0.895144757424551
17,658,2,0.8710081129029089
17,382,3,0.4836807455116514
18,19,1,0.9739450956753234
18,513,2,0.9465344329936694
18,381,3,0.7641191532198981
18,524,4,0.7246688828353579
18,628,5,0.5246425384350676
19,18,1,0.9739450956753234
19,513,2,0.9258210054140278
19,381,3,0.7360370277328714
19,524,4,0.6916274512552412
19,628,5,0.4917255631119127
20,454,1,0.7454442571154103
20,551,2,0.6607108708858644
20,512,3,0.6100452001731467
20,548,4,0.5969830581595643
20,650,5,0.4034505320451402
21,417,1,0.934932540588932
21,515,2,0.8909938669522901
21,517,3,0.8865632580097174
21,631,4,0.8840284625401027
21,590,5,0.8692589045593246
22,657,1,0.7614442873765503
23,24,1,0.9554043266485227
23,371,2,0.9554043266485227
23,377,3,0.906933632259223
23,549,4,0.9031949341608869
23,406,5,0.8810827756703394
24,371,1,0.9554712614371034
24,23,2,0.9554043266485227
24,549,3,0.9029731714572997
24,406,4,0.8811050590259548
24,523,5,0.8610778387366136
25,352,1,0.9523501083627985
25,346,2,0.9519570061306275
25,353,3,0.9297345594158818
25,350,4,0.9264501305002302
25,457,5,0.8670488608730509
26,368,1,0.9335338185109635
26,166,2,0.9082626593796587
26,367,3,0.8994319595863076
26,670,4,0.8690021885536854
26,509,5,0.8675211938514563
27,67,1,0.8345427887513815
27,88,2,0.765568990288937
27,681,3,0.7559374675625686
27,264,4,0.7363651225752978
27,291,5,0.6538082100544684
28,207,1,0.8021002249547337
28,171,2,0.7889295153801678
28,333,3,0.7590643159582336
28,332,4,0.7552751137024721
28,474,5,0.7493164467221137
29,332,1,0.841429069345258
29,333,2,0.8287938998986626
29,355,3,0.823578625232804
29,565,4,0.8087291839040269
29,28,5,0.7270973777460027
30,291,1,0.8832434622077657
30,80,2,0.8162801355066931
30,325,3,0.7539349435340704
30,79,4,0.7411877972718945
30,88,5,0.7373704644729051
31,208,1,0.8083186905769186
31,320,2,0.7952584985338107
31,321,3,0.7875010862438422
31,319,4,0.7856807347038655
31,318,5,0.7681270924648217
32,302,1,0.8987696135509932
32,669,2,0.8386837994966221
32,33,3,0.831356775741238
32,38,4,0.8269844495754355
32,438,5,0.7934111879284445
33,603,1,0.8555807771318267
33,605,2,0.8414687925990602
33,32,3,0.831356775741238
33,669,4,0.8273077605937241
33,302,5,0.8046489095582121
34,276,1,0.9197217176222355
34,510,2,0.9121777499010014
34,511,3,0.9121777499010014
34,124,4,0.9091345999047663
34,44,5,0.8867239947456398
35,79,1,0.858794685200121
35,325,2,0.8357749771137397
35,196,3,0.7480778647573593
35,30,4,0.675999341856016
35,316,5,0.6483601392469359
36,306,1,0.944797876991766
36,307,2,0.8571069820736995
36,308,3,0.8458713117884477
36,351,4,0.8128332898470356
36,259,5,0.7970695689801649
37,323,1,0.7811665277836993
37,235,2,0.773062961386097
37,384,3,0.6915002572314529
37,459,4,0.6644666224651493
37,236,5,0.6192961012201971
38,56,1,0.8828054357084695
38,302,2,0.8694666044419295
38,32,3,0.8269844495754355
38,669,4,0.8224858692898726
38,603,5,0.7993947569424783
39,144,1,0.8510063927898083
39,143,2,0.8241554955401735
39,266,3,0.8237305628967296
39,66,4,0.8190802049664573
39,195,5,0.8160669472119837
40,206,1,0.9956456513266025
40,562,2,0.9649002810166712
40,501,3,0.9609523948934916
40,538,4,0.9436934882986375
40,245,5,0.9293790642546452
41,356,1,0.9627590020159053
41,187,2,0.9050891456312656
41,40,3,0.9018868575315258
41,206,4,0.8925499357454735
41,562,5,0.8843617863324518
42,299,1,0.7871094685514135
43,293,1,0.767076595023007
43,294,2,0.7141601259773454
43,263,3,0.6190376812376589
43,50,4,0.6105227825971766
43,531,5,0.5125330748484315
44,526,1,0.9691876278639324
44,572,2,0.9325738634874446
44,276,3,0.907270233914213
44,510,4,0.907157937176732
44,511,5,0.907157937176732
45,46,1,0.8752854955750587
45,192,2,0.8351594710238776
45,331,3,0.8110179569823348
45,534,4,0.8086379792166292
45,193,5,0.807414899203987
46,534,1,0.8777790084328431
46,45,2,0.8752854955750587
46,527,3,0.8372612828018974
46,528,4,0.8372612828018974
46,44,5,0.8110922569019067
47,234,1,0.8566213487924104
47,210,2,0.8235499808593137
47,165,3,0.7881035296484526
47,460,4,0.7684716641180451
47,315,5,0.7191062296943289
48,49,1,0.999780137411717
48,387,2,0.9587130819047819
48,126,3,0.9066221947262216
48,41,4,0.8739517641284634
48,500,5,0.8708367521385808
49,48,1,0.999780137411717
49,387,2,0.9543066764100494
49,126,3,0.9062017328178386
49,41,4,0.8760678561332855
49,500,5,0.8704700169691012
50,263,1,0.947152014807112
50,294,2,0.8882425012797585
50,293,3,0.8846577580758498
50,336,4,0.7799752997056161
50,465,5,0.7156583341744736
51,582,1,0.8808239949775744
51,599,2,0.8780396394874626
51,176,3,0.856177334170233
51,328,4,0.832401257585351
51,361,5,0.8301402801062547
52,250,1,0.9048793442170718
52,320,2,0.8445711994732727
52,318,3,0.7813523698897722
52,321,4,0.7808482039401565
52,319,5,0.7755122391012486
53,250,1,0.8734674612445023
53,577,2,0.8516914822369052
53,580,3,0.7907206653882405
53,49,4,0.7794551545792952
53,578,5,0.7790661396647535
54,285,1,0.8253122015805341
54,326,2,0.7816365201750901
54,221,3,0.7391267698514397
54,206,4,0.7157206583841049
54,40,5,0.7142384611163266
55,116,1,0.7156171532478377
55,291,2,0.3863259410933558
55,27,3,0.3853001053606269
55,88,4,0.35500379802270465
55,264,5,0.312396275981616
56,38,1,0.8828054357084695
56,669,2,0.8191020441501367
56,302,3,0.7665934811739319
56,530,4,0.7451231289705716
56,360,5,0.7309405853477274
57,58,1,0.9461193966316738
57,127,2,0.9268957209232569
57,128,3,0.9208967272502849
57,338,4,0.8901051700777659
57,160,5,0.8483304268912025
58,128,1,0.9720367824579342
58,57,2,0.9461193966316738
58,127,3,0.9268957209232569
58,160,4,0.9007150925831245
58,509,5,0.8562050923547782
59,473,1,0.9275440872487687
59,215,2,0.9209678442207337
59,216,3,0.9198988465421155
59,472,4,0.8560565793847282
59,61,5,0.8507286415679114
60,61,1,0.8537759438170438
60,213,2,0.8509933575648643
60,216,3,0.8491168015780417
60,472,4,0.8444252644020421
60,473,5,0.842536454521514
61,472,1,0.9928830837872122
61,213,2,0.9306031144215811
61,216,3,0.9304323737379673
61,473,4,0.9226320076857906
61,215,5,0.9080139672846118
62,215,1,0.7606383894764727
62,60,2,0.7436680967027287
62,59,3,0.7404306870658811
62,248,4,0.6926222986680463
62,247,5,0.6568648329969505
63,471,1,0.9233994674258139
63,163,2,0.8994848170893482
63,167,3,0.8896469539577458
63,162,4,0.884823930454305
63,190,5,0.8682965747806835
64,227,1,0.7620260958115893
64,228,2,0.7620260958115893
64,225,3,0.7141175311982817
64,226,4,0.7141175311982817
64,252,5,0.6922411270412083
65,255,1,0.9392161059409814
65,340,2,0.9099024654553821
65,254,3,0.8971278840097243
65,194,4,0.8944507578200567
65,265,5,0.8855407558990931
66,195,1,0.9996599155745803
66,266,2,0.9982715891536119
66,279,3,0.9975569801346668
66,340,4,0.9351982088402201
66,254,5,0.9351712270882846
67,313,1,0.8558919420442386
67,27,2,0.8345427887513815
67,80,3,0.7057332801741514
67,291,4,0.6808255905899673
67,264,5,0.6771406390403238
68,202,1,0.633155871266604
68,576,2,0.5196840152162221
69,70,1,0.9322734046581744
69,185,2,0.9232168738228851
69,171,3,0.8368361503635945
69,207,4,0.7675451220814977
69,81,5,0.7375706779873379
70,69,1,0.9322734046581744
70,185,2,0.8849828194967522
70,171,3,0.8713990550220421
70,207,4,0.8112645486926088
70,81,5,0.6796812792684364
71,581,1,0.7990125491329848
71,249,2,0.7269223584648328
71,198,3,0.6957090567660357
71,201,4,0.6850899224864078
71,544,5,0.6611204462453181
72,73,1,0.8667813185278065
72,74,2,0.7947294401956772
72,211,3,0.7863062688168831
72,494,4,0.782181795988131
72,225,5,0.761482830340645
73,74,1,0.9259234757296211
73,72,2,0.8667813185278065
73,211,3,0.8575924472032289
73,494,4,0.8294573006427038
73,225,5,0.7227020833921411
74,73,1,0.9259234757296211
74,494,2,0.8217306439885478
74,72,3,0.7947294401956772
74,227,4,0.7761680047914253
74,228,5,0.7761680047914253
75,150,1,0.9999740145102887
75,151,2,0.9659326149087066
75,152,3,0.9360396149469156
75,149,4,0.936026502891432
75,78,5,0.9342905284814261
76,249,1,0.8868094960786839
76,201,2,0.8707099356650477
76,544,3,0.820618766996799
76,581,4,0.780838541126008
76,495,5,0.7740982955861055
77,645,1,0.9888561618863496
77,78,2,0.9377979154486995
77,153,3,0.9364325112925436
77,152,4,0.9342905284814261
77,149,5,0.8713592317290235
78,77,1,0.9377979154486995
78,153,2,0.9364325112925436
78,150,3,0.9344216447124047
78,75,4,0.9342905284814261
78,645,5,0.9267450966913156
79,35,1,0.858794685200121
79,80,2,0.7724178251875465
79,291,3,0.7423329704331446
79,30,4,0.7411877972718945
79,325,5,0.7009017925505523
80,291,1,0.8675465822209311
80,30,2,0.8162801355066931
80,79,3,0.7724178251875465
80,67,4,0.7057332801741514
80,88,5,0.7040142055876064
81,610,1,0.8193447431384876
81,185,2,0.7711420771111545
81,475,3,0.7654287788361405
81,474,4,0.7469653647135923
81,609,5,0.7435405480435302
82,613,1,0.8524067298370984
82,612,2,0.8390211201949237
82,614,3,0.8149474325887609
82,431,4,0.8025813895537867
82,140,5,0.7928718177163521
83,280,1,0.7890617928008917
83,286,2,0.7609531771876334
83,112,3,0.731554302882817
83,117,4,0.7066237341453188
83,230,5,0.6839994208730246
84,334,1,0.8981648628170498
84,563,2,0.8506890990605885
84,85,3,0.8397278866791764
84,347,4,0.823660643792113
84,638,5,0.7645027697454745
85,563,1,0.9126344277336406
85,84,2,0.8397278866791764
85,638,3,0.7616697880397533
85,135,4,0.7610534188821386
85,347,5,0.7547976766045212
86,109,1,0.9466165064238539
86,437,2,0.7464535129144749
86,645,3,0.7381570714307796
86,77,4,0.7336732299077532
86,78,5,0.7336732299077532
87,101,1,0.9427532370526969
87,100,2,0.9354687926042023
87,418,3,0.8066164362327212
87,402,4,0.7997973294177043
87,401,5,0.797906078533144
88,681,1,0.8408467722167029
88,291,2,0.7775779339407366
88,27,3,0.765568990288937
88,30,4,0.7373704644729051
88,80,5,0.7040142055876064
89,90,1,0.9022408999050581
89,111,2,0.8956941934121618
89,244,3,0.8122700922262536
89,284,4,0.7859534392420666
89,388,5,0.7727696739948741
90,89,1,0.9022408999050581
90,111,2,0.8413166248593315
90,284,3,0.8385424366246138
90,388,4,0.8186947944960707
90,244,5,0.7229823394531683
91,283,1,0.8664291446869974
91,435,2,0.7813409726986263
91,72,3,0.6814570786735467
91,261,4,0.6220001878117388
91,494,5,0.5976271491931672
92,31,1,0.7683643349836081
92,299,2,0.7452005462988772
92,194,3,0.7443018913752467
92,65,4,0.7409605503488158
92,265,5,0.7338436711910629
93,258,1,0.8049722899963828
93,257,2,0.7671200162476359
93,169,3,0.5012770325054915
93,670,4,0.40699332381945685
93,162,5,0.38131338691952965
94,96,1,0.9402300083140017
94,456,2,0.8737776418012186
94,361,3,0.7809461357305424
94,298,4,0.7752450992403135
94,296,5,0.7692882304943548
95,120,1,0.5666381067218249
95,142,2,0.564573159845821
96,94,1,0.9402300083140017
96,456,2,0.8602087738198289
96,361,3,0.7820138582830847
96,296,4,0.7712398242858305
96,51,5,0.7601867692442901
97,208,1,0.46511033004817876
97,538,2,0.39991791465838356
97,387,3,0.385658888550038
97,500,4,0.3780620872713799
97,48,5,0.3766430828864178
98,566,1,0.7632587273054294
98,260,2,0.7561674741588486
98,275,3,0.7556290692880246
98,259,4,0.6897823325225976
98,463,5,0.6877039156327777
99,145,1,0.8201215070182571
99,227,2,0.8082704834709771
99,228,3,0.8082704834709771
99,545,4,0.8038141241089853
99,225,5,0.8033015267724932
100,101,1,0.9933056796059025
100,87,2,0.9354687926042023
100,418,3,0.8523448582428509
100,402,4,0.8472964377083672
100,403,5,0.8456880286234376
101,100,1,0.9933056796059025
101,87,2,0.9427532370526969
101,418,3,0.8457412137279913
101,402,4,0.8383634271610975
101,401,5,0.8360803377710642
102,125,1,0.33769364134333696
102,360,2,0.309106211199732
102,224,3,0.3046199804143032
102,530,4,0.28112167172460545
102,205,5,0.25639561695906077
103,46,1,0.8070461940040139
103,527,2,0.7841206017736211
103,528,3,0.7841206017736211
103,534,4,0.7675130803238399
103,44,5,0.7112632875730995
104,350,1,0.8402353722997132
104,253,2,0.8242861392515848
104,129,3,0.8221569416199523
104,359,4,0.8195565703902895
104,25,5,0.7997731302591238
105,425,1,0.8412371873020804
105,140,2,0.8003400283413207
105,87,3,0.777720161007733
105,136,4,0.7714954395990147
105,418,5,0.7418939628935607
106,292,1,0.6283801137615331
106,531,2,0.539851981549103
106,336,3,0.5340760145475622
106,468,4,0.4863750118406142
106,294,5,0.43969197741995486
107,316,1,0.8142733219991023
107,313,2,0.6936971000468414
107,196,3,0.655227979163281
107,35,4,0.5752523955071726
107,67,5,0.5557574273275979
108,175,1,0.7859878893658917
108,138,2,0.7611638423401865
108,287,3,0.7551681795797549
108,616,4,0.7210043915221643
108,141,5,0.6659975748274137
109,86,1,0.9466165064238539
109,437,2,0.823632793444506
109,645,3,0.7919059325927336
109,153,4,0.7792372015800213
109,77,5,0.7721963296197532
110,211,1,0.7330379277251658
110,99,2,0.6405459694421488
110,617,3,0.6142485124622135
110,73,4,0.6050345580031475
110,74,5,0.6015174870526525
111,89,1,0.8956941934121618
111,244,2,0.8640239587602759
111,90,3,0.8413166248593315
111,284,4,0.7621331808004913
111,388,5,0.7590044347225638
112,117,1,0.9146784029211951
112,278,2,0.8736063576403363
112,229,3,0.8302890093690966
112,543,4,0.8135378092279402
112,330,5,0.7917395418804928
113,315,1,0.7374858583103068
113,234,2,0.6861459978813134
113,47,3,0.6838989078450889
113,165,4,0.6760264816250819
113,210,5,0.6406840644189447
114,115,1,0.9977121224067472
114,109,2,0.7093648858081614
114,86,3,0.6734075181631488
114,200,4,0.6711197347020872
114,75,5,0.6426625947065986
115,114,1,0.9977121224067472
115,109,2,0.725452852392283
115,86,3,0.6899249801077694
115,200,4,0.6716587041307853
115,75,5,0.6507631868352454
116,55,1,0.7156171532478377
116,88,2,0.5184765925221658
116,30,3,0.47200846789785234
116,325,4,0.46158739566403945
116,291,5,0.4428661336345397
117,112,1,0.9146784029211951
117,389,2,0.8268873071173704
117,467,3,0.7922435925281964
117,278,4,0.789879447834252
117,369,5,0.759483383354101
118,171,1,0.8126331795365319
118,610,2,0.738931604457008
118,28,3,0.7256479966853302
118,565,4,0.7143590649209
118,332,5,0.696090939914301
119,176,1,0.67854172697142
119,328,2,0.6470562825776323
119,599,3,0.6237379776970418
119,351,4,0.6077533078672903
119,601,5,0.6061688235484124
120,142,1,0.890215106710331
120,95,2,0.5666381067218249
121,346,1,0.44645340675387507
121,457,2,0.4403869297070087
121,25,3,0.4396027833440373
121,352,4,0.4396027833440373
121,353,5,0.4274709433834411
122,123,1,1.0
122,510,2,0.932860155710351
122,511,3,0.932860155710351
122,276,4,0.9312482185075027
122,124,5,0.924535426690052
123,122,1,1.0
123,510,2,0.932860155710351
123,511,3,0.932860155710351
123,276,4,0.9312482185075027
123,124,5,0.924535426690052
124,122,1,0.924535426690052
124,123,2,0.924535426690052
124,34,3,0.9091345999047663
124,510,4,0.8656299765129736
124,511,5,0.8656299765129736
125,360,1,0.7328757921951519
125,186,2,0.7039915093819469
125,530,3,0.6820796383115029
125,131,4,0.6647006435268963
125,132,5,0.6647006435268963
126,48,1,0.9066221947262216
126,49,2,0.9062017328178386
126,500,3,0.9012545885842692
126,387,4,0.8834251849901238
126,322,5,0.8656159288147351
127,128,1,0.9470448619976093
127,57,2,0.9268957209232569
127,58,3,0.9268957209232569
127,160,4,0.8833288658578551
127,338,5,0.868747730298121
128,58,1,0.9720367824579342
128,127,2,0.9470448619976093
128,160,3,0.9466439709056721
128,57,4,0.9208967272502849
128,190,5,0.8932197824710967
129,135,1,0.9653716229385298
129,253,2,0.9296933882307654
129,353,3,0.884414367000029
129,359,4,0.8733888582342846
129,348,5,0.8677418291765805
130,164,1,0.6991255807440665
130,29,2,0.6962904514470429
130,546,3,0.695006187242853
130,535,4,0.673888376054894
130,608,5,0.5953597288525702
131,132,1,1.0
131,530,2,0.7687926727919822
131,224,3,0.7562872520282825
131,438,4,0.7343700686337821
131,360,5,0.7011986327445313
132,131,1,1.0
132,530,2,0.7687926727919822
132,224,3,0.7562872520282825
132,438,4,0.7343700686337821
132,360,5,0.7011986327445313
133,193,1,0.9028526418708591
133,330,2,0.8813127765039779
133,573,3,0.8453647445248889
133,232,4,0.8452149066188644
133,533,5,0.844369300409352
134,154,1,0.8719711828231966
134,135,2,0.8151386232573027
134,129,3,0.7926644901305028
134,457,4,0.7847201758737772
134,353,5,0.783238646209733
135,129,1,0.9653716229385298
135,253,2,0.9577541003319685
135,359,3,0.8986956580884463
135,348,4,0.8442591153550439
135,638,5,0.8307282321774477
136,667,1,0.8838193465721477
136,418,2,0.8305499057263629
136,403,3,0.8167222612843659
136,140,4,0.8022104196155306
136,419,5,0.8003478772001914
137,339,1,0.8572968372114892
137,144,2,0.8548463157400283
137,266,3,0.8369190184909379
137,279,4,0.8312147689290166
137,195,5,0.8288294366156468
138,616,1,0.936887748547465
138,220,2,0.9122365054463687
138,343,3,0.8750054576519084
138,344,4,0.832333784677836
138,265,5,0.7891980229982488
139,147,1,0.8097222209067525
139,613,2,0.7462006734067238
139,612,3,0.735540220997027
139,614,4,0.7312978090549195
139,615,5,0.7154397092589005
140,420,1,0.9616261231300225
140,403,2,0.9103043931850743
140,419,3,0.9100911767119015
140,418,4,0.9012211588591597
140,402,5,0.8945937478138704
141,175,1,0.9007580151861628
141,287,2,0.8591958840339137
141,242,3,0.7507148817621063
141,143,4,0.7247939486667674
141,108,5,0.6659975748274137
142,120,1,0.890215106710331
142,95,2,0.564573159845821
143,242,1,0.9644023125212442
143,341,2,0.85028013204092
143,144,3,0.8246532975825324
143,39,4,0.8241554955401735
143,137,5,0.8230510019422977
144,219,1,0.8933755907808285
144,137,2,0.8548463157400283
144,39,3,0.8510063927898083
144,266,4,0.8391069763047304
144,66,5,0.8345741689983023
145,227,1,0.8254631769941166
145,228,2,0.8254631769941166
145,99,3,0.8201215070182571
145,225,4,0.7550776845325977
145,226,5,0.7550776845325977
146,286,1,0.8711532465471388
146,229,2,0.7708288990824018
146,183,3,0.7692866417010413
146,192,4,0.7427825412185379
146,280,5,0.741166490855627
147,139,1,0.8097222209067525
147,614,2,0.7788535262607735
147,140,3,0.7664679809188946
147,613,4,0.7657149557555631
147,615,5,0.7634515297615004
148,361,1,0.9251784089675009
148,599,2,0.896051647051057
148,275,3,0.8512425957070959
148,328,4,0.7999485094524693
148,176,5,0.7929921435021067
149,150,1,0.9360653592243089
149,75,2,0.936026502891432
149,152,3,0.936026502891432
149,153,4,0.9355314473423817
149,151,5,0.9001624569066594
150,75,1,0.9999740145102887
150,151,2,0.9660859602805011
150,149,3,0.9360653592243089
150,152,4,0.936026502891432
150,78,5,0.9344216447124047
151,150,1,0.9660859602805011
151,75,2,0.9659326149087066
151,78,3,0.904010944429777
151,149,4,0.9001624569066594
151,152,5,0.8999958403087723
152,75,1,0.9360396149469156
152,149,2,0.936026502891432
152,150,3,0.936026502891432
152,77,4,0.9342905284814261
152,645,5,0.9334688481238125
153,77,1,0.9364325112925436
153,78,2,0.9364325112925436
153,149,3,0.9355314473423817
153,645,4,0.9325564093415624
153,150,5,0.872460452526191
154,134,1,0.8719711828231966
154,135,2,0.7373671168060865
154,253,3,0.7222687803605524
154,129,4,0.7143292228595294
154,359,5,0.711101013339457
155,337,1,0.9467320439111895
155,158,2,0.8886313147383063
155,507,3,0.879442379733686
155,163,4,0.8725541634997325
155,156,5,0.8483681395035685
156,157,1,0.9808413212109168
156,158,2,0.9674410503855906
156,269,3,0.9665435503841989
156,337,4,0.8786311196587008
156,159,5,0.8549568405139147
157,156,1,0.9808413212109168
157,269,2,0.9319976277283019
157,158,3,0.9308500286961545
157,337,4,0.8788991116831019
157,529,5,0.8743591466975897
158,156,1,0.9674410503855906
158,269,2,0.9503609121904949
158,157,3,0.9308500286961545
158,155,4,0.8886313147383063
158,174,5,0.8753364402812507
159,267,1,0.9027518063441198
159,199,2,0.8840736922734642
159,288,3,0.8752146554930474
159,158,4,0.8708993014198508
159,173,5,0.8679105354931608
160,128,1,0.9466439709056721
160,190,2,0.9109829420191895
160,58,3,0.9007150925831245
160,127,4,0.8833288658578551
160,509,5,0.8798753331917658
161,345,1,0.8724859874669795
161,281,2,0.8553220494067293
161,312,3,0.7930354257018778
161,282,4,0.7913401960005327
161,301,5,0.7791401599687051
162,324,1,0.9368024160404569
162,532,2,0.9037817999750477
162,63,3,0.884823930454305
162,338,4,0.882225238600027
162,337,5,0.8492957346132934
163,63,1,0.8994848170893482
163,337,2,0.888112762815899
163,190,3,0.8744544412334561
163,155,4,0.8725541634997325
163,128,5,0.8474194304057675
164,535,1,0.7268648106147696
164,546,2,0.7258083212577673
164,130,3,0.6991255807440665
164,608,4,0.6631750256983253
164,29,5,0.6150354331829888
165,210,1,0.9045934126873413
165,315,2,0.8971470666154006
165,460,3,0.8084828888333137
165,234,4,0.7913200959814735
165,47,5,0.7881035296484526
166,26,1,0.9082626593796587
166,368,2,0.9069351674834094
166,367,3,0.8688035453137382
166,670,4,0.862358272865795
166,172,5,0.8271838509939687
167,63,1,0.8896469539577458
167,471,2,0.8763262657615905
167,218,3,0.8611247443398446
167,368,4,0.8242861037030165
167,190,5,0.7946351910167943
168,279,1,0.8253557877754155
168,195,2,0.822000551451251
168,266,3,0.820766876414812
168,66,4,0.8191003612939816
168,340,5,0.747640147886535
169,218,1,0.7738851586715293
169,167,2,0.6997516628809229
169,471,3,0.6606111842915502
169,63,4,0.6544998728020188
169,670,5,0.6178793806341966
170,599,1,0.7942544823321401
170,51,2,0.7632240709275115
170,328,3,0.7557239895529327
170,176,4,0.741952194649507
170,327,5,0.7281099076033706
171,70,1,0.8713990550220421
171,69,2,0.8368361503635945
171,118,3,0.8126331795365319
171,207,4,0.7983177141551596
171,28,5,0.7889295153801678
172,173,1,0.9184156220551751
172,160,2,0.8543448795351175
172,26,3,0.851188174239932
172,166,4,0.8271838509939687
172,128,5,0.804236136219698
173,672,1,0.9282300814365841
173,172,2,0.9184156220551751
173,364,3,0.8806206162567207
173,159,4,0.8679105354931608
173,671,5,0.8399331416302824
174,365,1,0.9033144852305758
174,269,2,0.8753888676790269
174,158,3,0.8753364402812507
174,156,4,0.8513509326526758
174,674,5,0.8428708232258239
175,287,1,0.9604634858684744
175,141,2,0.9007580151861628
175,242,3,0.8435506154869954
175,143,4,0.8186251983063354
175,108,5,0.7859878893658917
176,599,1,0.8823816224276508
176,328,2,0.8666794211354144
176,51,3,0.856177334170233
176,601,4,0.829298816729713
176,636,5,0.810098508158719
177,178,1,0.8602351927708546
177,295,2,0.7025605810971577
177,505,3,0.678838184802396
177,59,4,0.622932910406814
177,62,5,0.6042436875534146
178,177,1,0.8602351927708546
178,60,2,0.6718787714045377
178,216,3,0.6669734614434375
178,473,4,0.6561595594226801
178,59,5,0.635523139396807
179,274,1,0.9102266141150618
179,304,2,0.818657568010507
179,303,3,0.7996275744344197
179,305,4,0.7462187034478401
179,602,5,0.6656886814420999
180,329,1,0.84168817192989
180,510,2,0.8370267570314676
180,511,3,0.8370267570314676
180,276,4,0.8360709982479014
180,182,5,0.8271100717546145
181,183,1,0.9058242224970205
181,569,2,0.8788245343769681
181,570,3,0.8759962604288994
181,568,4,0.8750793644161055
181,192,5,0.8463329000560014
182,422,1,0.9204565320993937
182,278,2,0.8434215278248386
182,44,3,0.8406354771034698
182,330,4,0.8393417831673874
182,571,5,0.838003220833121
183,181,1,0.9058242224970205
183,192,2,0.8945521560906589
183,527,3,0.8746418397874732
183,528,4,0.8746418397874732
183,534,5,0.8435568743460273
184,335,1,0.8301032571358483
184,171,2,0.8263362014437755
184,155,3,0.8262041525860462
184,185,4,0.8194404555177272
184,368,5,0.8183493078941869
185,69,1,0.9232168738228851
185,70,2,0.8849828194967522
185,171,3,0.7850742461586742
185,207,4,0.7725318158888602
185,81,5,0.7711420771111545
186,360,1,0.7138415136431652
186,125,2,0.7039915093819469
186,530,3,0.6991820453533969
186,131,4,0.6876224118786445
186,132,5,0.6876224118786445
187,41,1,0.9050891456312656
187,562,2,0.8703988775804559
187,40,3,0.8702847154384515
187,356,4,0.8610545316333765
187,538,5,0.8560160821631905
188,352,1,0.8838941514070803
188,350,2,0.859737190007205
188,457,3,0.8458283557748622
188,25,4,0.834727588890919
188,346,5,0.8322615323489239
189,163,1,0.8339622721931388
189,337,2,0.8285454063490676
189,128,3,0.8140004289614129
189,127,4,0.8069115690726882
189,507,5,0.8009176098411395
190,160,1,0.9109829420191895
190,128,2,0.8932197824710967
190,471,3,0.8903130938901773
190,191,4,0.8773260966300268
190,163,5,0.8744544412334561
191,190,1,0.8773260966300268
191,471,2,0.7922441197883062
191,163,3,0.7872420428837688
191,63,4,0.7533940252991893
191,160,5,0.7407289591031934
192,331,1,0.9746514472742831
192,183,2,0.8945521560906589
192,569,3,0.8892964504168475
192,570,4,0.8870351033264005
192,568,5,0.8781825338735237
193,330,1,0.9192671355590532
193,133,2,0.9028526418708591
193,44,3,0.9012340206382973
193,573,4,0.880454685168262
193,533,5,0.8755864610779652
194,265,1,0.9973566833723113
194,344,2,0.9477053514996422
194,65,3,0.8944507578200567
194,616,4,0.8531359243043305
194,343,5,0.8467788749365569
195,66,1,0.9996599155745803
195,279,2,0.9990213108203473
195,266,3,0.9987777447548204
195,340,4,0.936122424919791
195,254,5,0.9335623527555545
196,325,1,0.7923319900419686
196,682,2,0.7512138911660956
196,35,3,0.7480778647573593
196,79,4,0.6892229924947216
196,30,5,0.680267837236091
197,345,1,0.847580666347248
197,281,2,0.7850106690276776
197,161,3,0.7492164715523769
197,536,4,0.6980750942158112
197,282,5,0.6840578943444642
198,581,1,0.8918473073034436
198,249,2,0.7243527324962826
198,201,3,0.6977252572410267
198,76,4,0.6976495522132657
198,71,5,0.6957090567660357
199,268,1,0.9288641953985355
199,159,2,0.8840736922734642
199,288,3,0.8753473370397523
199,289,4,0.873525878210545
199,290,5,0.8716716979164146
200,109,1,0.7135244732238566
200,115,2,0.6716587041307853
200,114,3,0.6711197347020872
200,86,4,0.6642773624177587
200,77,5,0.6484049151786462
201,544,1,0.8883343994000391
201,76,2,0.8707099356650477
201,249,3,0.8368091529133683
201,581,4,0.7873721105857665
201,198,5,0.6977252572410267
202,576,1,0.6613345125001845
202,68,2,0.633155871266604
203,91,1,0.8311554850365866
203,82,2,0.8225695608600905
203,218,3,0.8169332192142915
203,604,4,0.8054700025781852
203,171,5,0.8054550926150704
204,363,1,0.7489210878698913
204,364,2,0.7460156251898217
204,362,3,0.7418660905633978
204,640,4,0.6967663183574815
204,671,5,0.6920247972819819
205,605,1,0.647025590897726
205,125,2,0.5468066786805957
205,224,3,0.507327482929314
205,33,4,0.46852794221734667
205,186,5,0.45547362245829076
206,40,1,0.9956456513266025
206,501,2,0.9505592772108458
206,538,3,0.9397306005103013
206,245,4,0.9393508949711169
206,562,5,0.9383058681940466
207,474,1,0.8608128528685494
207,332,2,0.856176542268025
207,333,3,0.8526804802376513
207,643,4,0.8136178203126347
207,70,5,0.8112645486926088
208,126,1,0.8184176007736175
208,31,2,0.8083186905769186
208,500,3,0.7911807333988917
208,48,4,0.7880089318946839
208,49,5,0.7857723253699812
209,210,1,0.8087821285872382
209,165,2,0.7627447013176768
209,460,3,0.7293036742214994
209,234,4,0.6558227954409805
209,47,5,0.6546187567723786
210,460,1,0.90899889519593
210,165,2,0.9045934126873413
210,234,3,0.8249372203448259
210,47,4,0.8235499808593137
210,209,5,0.8087821285872382
211,73,1,0.8575924472032289
211,72,2,0.7863062688168831
211,74,3,0.7732437655086247
211,494,4,0.7631152204705135
211,545,5,0.7600687906717276
212,214,1,0.9483092623447432
212,358,2,0.6317498504259403
213,216,1,0.930985996589139
213,61,2,0.9306031144215811
213,473,3,0.9188160494559107
213,472,4,0.9184343573962528
213,60,5,0.8509933575648643
214,212,1,0.9483092623447432
214,358,2,0.6797787013593308
215,59,1,0.9209678442207337
215,472,2,0.9173808708540172
215,61,3,0.9080139672846118
215,473,4,0.8431659409331755
215,216,5,0.831852288488329
216,473,1,0.9927827957187341
216,213,2,0.930985996589139
216,61,3,0.9304323737379673
216,472,4,0.922221902067499
216,59,5,0.9198988465421155
217,663,1,0.8886992200187025
217,366,2,0.7960210413222718
217,666,3,0.7904609978033545
217,647,4,0.7774192114083507
217,648,5,0.5562199370476312
218,167,1,0.8611247443398446
218,63,2,0.8420516890220564
218,471,3,0.8245282841272215
218,670,4,0.788363244293218
218,169,5,0.7738851586715293
219,144,1,0.8933755907808285
219,137,2,0.8244320879807155
219,39,3,0.8133380822356355
219,266,4,0.8127775670168171
219,279,5,0.8098613189565912
220,138,1,0.9122365054463687
220,343,2,0.8784642730913432
220,616,3,0.8737743104448722
220,344,4,0.8576251180717899
220,265,5,0.8144887169617951
221,502,1,0.8378835907515818
221,356,2,0.79247615907717
221,326,3,0.7897011439433359
221,222,4,0.7614385787184571
221,41,5,0.758574321953976
222,577,1,0.9465362364050849
222,580,2,0.8189493382311104
222,578,3,0.8178639182889522
222,53,4,0.7788487121956723
222,48,5,0.7777518710622026
223,326,1,0.6960201020526249
223,187,2,0.6306660764648367
223,245,3,0.6117638219078769
223,206,4,0.6106737669519386
223,40,5,0.6053892518055869
224,273,1,0.7976425243258571
224,131,2,0.7562872520282825
224,132,3,0.7562872520282825
224,32,4,0.7460276367623493
224,33,5,0.7267959476369656
225,226,1,1.0000000000000002
225,227,2,0.9393807195447051
225,228,3,0.9393807195447051
225,243,4,0.8504292750062423
225,99,5,0.8033015267724932
226,225,1,1.0000000000000002
226,227,2,0.9393807195447051
226,228,3,0.9393807195447051
226,243,4,0.8504292750062423
226,99,5,0.8033015267724932
227,228,1,0.9999999999999998
227,225,2,0.9393807195447051
227,226,3,0.9393807195447051
227,145,4,0.8254631769941166
227,99,5,0.8082704834709771
228,227,1,0.9999999999999998
228,225,2,0.9393807195447051
228,226,3,0.9393807195447051
228,145,4,0.8254631769941166
228,99,5,0.8082704834709771
229,230,1,0.8435855321166249
229,112,2,0.8302890093690966
229,182,3,0.8158608453591214
229,330,4,0.7945445248513895
229,278,5,0.7907466981200008
230,229,1,0.8435855321166249
230,34,2,0.7970055404205646
230,233,3,0.756426377899006
230,182,4,0.7525510164511598
230,180,5,0.7497380581535477
231,309,1,0.9624246829637074
231,277,2,0.9324606624691835
231,329,3,0.9247139711501036
231,574,4,0.9103898488473617
231,540,5,0.8985621074660397
232,533,1,0.9994984146460469
232,573,2,0.9990182289755681
232,330,3,0.9645207018198486
232,571,4,0.8973867213882005
232,369,5,0.8956931846126208
233,646,1,0.9578801867033484
233,329,2,0.9323652358276522
233,277,3,0.9269987445193644
233,543,4,0.9028355276932695
233,540,5,0.8996352419576163
234,47,1,0.8566213487924104
234,210,2,0.8249372203448259
234,165,3,0.7913200959814735
234,460,4,0.7717791833554448
234,315,5,0.7217222911709434
235,384,1,0.8617817144835107
235,236,2,0.8311066489734322
235,459,3,0.8012006285997998
235,37,4,0.773062961386097
235,323,5,0.6687029723656502
236,235,1,0.8311066489734322
236,384,2,0.7017246958534127
236,459,3,0.6462047354271907
236,37,4,0.6192961012201971
236,598,5,0.5033396624045213
237,238,1,0.9238206386012219
237,462,2,0.7507338506605203
238,237,1,0.9238206386012219
238,462,2,0.6373196331098672
239,609,1,0.9020416014340307
239,458,2,0.8434927175930008
239,565,3,0.8027322392918278
239,546,4,0.7999360261249082
239,643,5,0.7858183279878211
240,461,1,0.9141803130764578
240,312,2,0.8708525697332442
240,161,3,0.6354616992624187
240,301,4,0.5487507124187094
240,281,5,0.5431522436856215
241,76,1,0.881564877782752
241,571,2,0.8757055757357565
241,153,3,0.8709707021317162
241,210,4,0.8709638239008642
241,245,5,0.869312458591169
242,143,1,0.9644023125212442
242,175,2,0.8435506154869954
242,341,3,0.8171405747183096
242,287,4,0.8059043980680529
242,39,5,0.7804124886594089
243,225,1,0.8504292750062423
243,226,2,0.8504292750062423
243,227,3,0.7910318606500197
243,228,4,0.7910318606500197
243,99,5,0.7116619663546973
244,111,1,0.8640239587602759
244,89,2,0.8122700922262536
244,388,3,0.766069899014003
244,90,4,0.7229823394531683
244,284,5,0.7038400013293763
245,206,1,0.9393508949711169
245,40,2,0.9293790642546452
245,41,3,0.883963968931923
245,501,4,0.8768153410867987
245,538,5,0.8702257693390028
246,247,1,0.9987674283411664
246,251,2,0.9434119003237789
246,248,3,0.9211232055085905
246,295,4,0.7446815516079967
246,505,5,0.6966989161492643
247,246,1,0.9987674283411664
247,248,2,0.9334273959751742
247,251,3,0.9305557750565701
247,295,4,0.7574992852865561
247,505,5,0.7069814390885399
248,247,1,0.9334273959751742
248,246,2,0.9211232055085905
248,251,3,0.8370974325972445
248,295,4,0.7911505441050583
248,505,5,0.783947870287818
249,76,1,0.8868094960786839
249,544,2,0.8695184016714127
249,201,3,0.8368091529133683
249,581,4,0.8151939583351983
249,71,5,0.7269223584648328
250,52,1,0.9048793442170718
250,53,2,0.8734674612445023
250,503,3,0.7658997559713393
250,387,4,0.7625815918335613
250,504,5,0.7491446887632714
251,246,1,0.9434119003237789
251,247,2,0.9305557750565701
251,248,3,0.8370974325972445
251,295,4,0.6646757230395699
251,505,5,0.6284665468804749
252,317,1,0.7560103615581824
252,64,2,0.6922411270412083
252,227,3,0.5402628384312063
252,228,4,0.5402628384312063
252,243,5,0.5313887274339271
253,135,1,0.9577541003319685
253,359,2,0.9312191920081933
253,129,3,0.9296933882307654
253,104,4,0.8242861392515848
253,638,5,0.81784442835603
254,340,1,0.9950946623525172
254,255,2,0.9717647236224095
254,66,3,0.9351712270882846
254,195,4,0.9335623527555545
254,266,5,0.9322749399728523
255,340,1,0.9831937813684466
255,254,2,0.9717647236224095
255,65,3,0.9392161059409814
255,195,4,0.9186403771404505
255,279,5,0.9182277688017684
256,302,1,0.7901259812978674
256,530,2,0.7806634711426284
256,438,3,0.7685979017015336
256,669,4,0.7483967980605108
256,360,5,0.7427373070810014
257,258,1,0.9270213057794433
257,93,2,0.7671200162476359
257,337,3,0.5445834549303061
257,532,4,0.5313339943599734
257,162,5,0.5175471587795853
258,257,1,0.9270213057794433
258,93,2,0.8049722899963828
258,162,3,0.6134207078855326
258,337,4,0.5790804817442428
258,532,5,0.5508655638982535
259,566,1,0.9025227269887657
259,275,2,0.8764801400290627
259,390,3,0.8668104633013338
259,306,4,0.8553813148372094
259,463,5,0.8014933522533236
260,566,1,0.7941512730164869
260,259,2,0.7877233967793628
260,275,3,0.7876963116209937
260,98,4,0.7561674741588486
260,390,5,0.7032784313542184
261,91,1,0.6220001878117388
261,64,2,0.603301217927899
261,435,3,0.5997007186506839
261,283,4,0.5944890769623358
261,494,5,0.5601981724246902
262,461,1,0.37971285689036927
262,282,2,0.3218327506526429
262,240,3,0.31055473968716957
262,312,4,0.3015788167537661
262,161,5,0.23948866709457076
263,50,1,0.947152014807112
263,294,2,0.945071708685913
263,293,3,0.8903289335505038
263,336,4,0.7768716597077672
263,465,5,0.7120102593316908
264,27,1,0.7363651225752978
264,291,2,0.6846375930205478
264,682,3,0.6784300382791614
264,67,4,0.6771406390403238
264,80,5,0.6748813308566021
265,194,1,0.9973566833723113
265,344,2,0.9508814541304633
265,65,3,0.8855407558990931
265,616,4,0.8599637918887191
265,343,5,0.8561612022411104
266,195,1,0.9987777447548204
266,279,2,0.9985575970725201
266,66,3,0.9982715891536119
266,340,4,0.9345027521236325
266,254,5,0.9322749399728523
267,268,1,0.9338311673762428
267,159,2,0.9027518063441198
267,364,3,0.8740690104701119
267,199,4,0.863982680956795
267,288,5,0.862339218922366
268,267,1,0.9338311673762428
268,199,2,0.9288641953985355
268,159,3,0.8271393910806484
268,157,4,0.8067132837154879
268,288,5,0.8029831086519027
269,156,1,0.9665435503841989
269,158,2,0.9503609121904949
269,157,3,0.9319976277283019
269,174,4,0.8753888676790269
269,337,5,0.8649205277972525
270,272,1,0.9638496984975862
270,359,2,0.7541238786179314
270,135,3,0.7179039992480659
270,129,4,0.6787717205197041
270,253,5,0.6750785315690553
271,350,1,0.8258139354254993
271,25,2,0.8252053358750996
271,352,3,0.8252053358750996
271,335,4,0.8220088254037157
271,353,5,0.8021184735101485
272,270,1,0.9638496984975862
272,135,2,0.765879375057676
272,129,3,0.7248777163205443
272,253,4,0.7239462754868061
272,359,5,0.704899707137271
273,224,1,0.7976425243258571
273,131,2,0.676197174817443
273,132,3,0.676197174817443
273,302,4,0.6653444656249575
273,38,5,0.6336696136260823
274,179,1,0.9102266141150618
274,304,2,0.842321024314399
274,303,3,0.7960887679338143
274,305,4,0.7686146807314546
274,499,5,0.6719290952093167
275,566,1,0.8833250713164083
275,259,2,0.8764801400290627
275,390,3,0.8705830634602593
275,148,4,0.8512425957070959
275,361,5,0.8443300364375463
276,510,1,0.9993801816348308
276,511,2,0.9993801816348308
276,122,3,0.9312482185075027
276,123,4,0.9312482185075027
276,34,5,0.9197217176222355
277,329,1,0.9935285114798482
277,309,2,0.9656590321916466
277,540,3,0.9646116276846699
277,575,4,0.9591642869381243
277,231,5,0.9324606624691835
278,112,1,0.8736063576403363
278,543,2,0.8627432728698179
278,182,3,0.8434215278248386
278,422,4,0.8381979850024687
278,330,5,0.8199017418413672
279,195,1,0.9990213108203473
279,266,2,0.9985575970725201
279,66,3,0.9975569801346668
279,340,4,0.9360830846681715
279,254,5,0.9295284329690292
280,286,1,0.923203464854649
280,83,2,0.7890617928008917
280,331,3,0.7879437941917778
280,192,4,0.7535025636568277
280,181,5,0.7479020086404224
281,345,1,0.8686119535224205
281,161,2,0.8553220494067293
281,282,3,0.7872880456855509
281,301,4,0.7871725731024339
281,197,5,0.7850106690276776
282,161,1,0.7913401960005327
282,281,2,0.7872880456855509
282,345,3,0.7727671759524831
282,312,4,0.7069011675241516
282,197,5,0.6840578943444642
283,91,1,0.8664291446869974
283,435,2,0.743243208425251
283,72,3,0.7237399405858959
283,74,4,0.6661947331212803
283,73,5,0.6653918513233024
284,388,1,0.8992166578440639
284,90,2,0.8385424366246138
284,89,3,0.7859534392420666
284,111,4,0.7621331808004913
284,244,5,0.7038400013293763
285,54,1,0.8253122015805341
285,326,2,0.7760473528633091
285,206,3,0.7350087598697582
285,502,4,0.7252101034911176
285,221,5,0.716371388299723
286,280,1,0.923203464854649
286,146,2,0.8711532465471388
286,192,3,0.828993523546082
286,331,4,0.8052720180278294
286,183,5,0.7954882462152174
287,175,1,0.9604634858684744
287,141,2,0.8591958840339137
287,242,3,0.8059043980680529
287,143,4,0.7845956091699604
287,108,5,0.7551681795797549
288,677,1,0.942797733122587
288,289,2,0.9315519248603851
288,290,3,0.9311430978372445
288,679,4,0.9191148180471697
288,680,5,0.9179479286268236
289,679,1,0.9856610995263171
289,676,2,0.9612081520377411
289,288,3,0.9315519248603851
289,290,4,0.9313800992889979
289,199,5,0.873525878210545
290,289,1,0.9313800992889979
290,288,2,0.9311430978372445
290,679,3,0.919286806268004
290,676,4,0.8907003418571046
290,640,5,0.8771994377640961
291,30,1,0.8832434622077657
291,80,2,0.8675465822209311
291,88,3,0.7775779339407366
291,79,4,0.7423329704331446
291,325,5,0.703098784635319
292,106,1,0.6283801137615331
292,468,2,0.5222987856786534
292,336,3,0.43707232592397094
292,465,4,0.42784758989739763
292,531,5,0.3557365340037475
293,294,1,0.9429930775372639
293,263,2,0.8903289335505038
293,50,3,0.8846577580758498
293,43,4,0.767076595023007
293,336,5,0.6908041620382499
294,263,1,0.945071708685913
294,293,2,0.9429930775372639
294,50,3,0.8882425012797585
294,43,4,0.7141601259773454
294,336,5,0.6948386858492914
295,248,1,0.7911505441050583
295,505,2,0.7905664301019648
295,59,3,0.7723011526020218
295,215,4,0.7584672660587756
295,247,5,0.7574992852865561
296,298,1,0.8678290938743897
296,297,2,0.8565288117004884
296,96,3,0.7712398242858305
296,94,4,0.7692882304943548
296,599,5,0.7177779797269518
297,296,1,0.8565288117004884
297,298,2,0.7814609646264619
297,599,3,0.7705902994101258
297,634,4,0.7260451276115144
297,635,5,0.7258877891592628
298,296,1,0.8678290938743897
298,297,2,0.7814609646264619
298,94,3,0.7752450992403135
298,96,4,0.7423321853246517
298,327,5,0.7032623437114555
299,42,1,0.7871094685514135
300,301,1,0.8634425961864365
300,161,2,0.7431823810181015
300,345,3,0.7375124275393461
300,281,4,0.6759998505011341
300,282,5,0.6645488775945467
301,300,1,0.8634425961864365
301,281,2,0.7871725731024339
301,161,3,0.7791401599687051
301,312,4,0.7282344259109543
301,461,5,0.6474296369120717
302,32,1,0.8987696135509932
302,669,2,0.873884324620074
302,38,3,0.8694666044419295
302,603,4,0.8670398640851431
302,605,5,0.8428610221846035
303,304,1,0.9018520853861123
303,305,2,0.859188101831502
303,179,3,0.7996275744344197
303,274,4,0.7960887679338143
303,499,5,0.7340321317137528
304,303,1,0.9018520853861123
304,305,2,0.8570336085824153
304,274,3,0.842321024314399
304,179,4,0.818657568010507
304,499,5,0.6794274800861054
305,303,1,0.859188101831502
305,304,2,0.8570336085824153
305,274,3,0.7686146807314546
305,179,4,0.7462187034478401
305,499,5,0.6629730690902464
306,36,1,0.944797876991766
306,307,2,0.9112314560650597
306,308,3,0.9071706185291692
306,351,4,0.8568248118698198
306,259,5,0.8553813148372094
307,306,1,0.9112314560650597
307,308,2,0.906369875659739
307,351,3,0.8575410538958332
307,36,4,0.8571069820736995
307,635,5,0.851891617009501
308,306,1,0.9071706185291692
308,307,2,0.906369875659739
308,351,3,0.8631486174280101
308,390,4,0.8510216305805713
308,36,5,0.8458713117884477
309,277,1,0.9656590321916466
309,231,2,0.9624246829637074
309,329,3,0.960052706520711
309,574,4,0.9514882842845355
309,540,5,0.9299882853344758
310,564,1,0.6488331158267937
310,87,2,0.6117980988611281
310,136,3,0.6112987232201121
310,420,4,0.5981215948283706
310,667,5,0.583037542882578
311,497,1,0.8340547798290122
311,600,2,0.8338157535246836
311,348,3,0.7972603382268445
311,359,4,0.7366863690775692
311,347,5,0.7319679657741811
312,461,1,0.968573248304612
312,240,2,0.8708525697332442
312,161,3,0.7930354257018778
312,301,4,0.7282344259109543
312,282,5,0.7069011675241516
313,67,1,0.8558919420442386
313,316,2,0.7762592608821307
313,107,3,0.6936971000468414
313,27,4,0.6270070354950271
313,79,5,0.6099572578809236
314,307,1,0.827649619390496
314,635,2,0.8043493211798164
314,634,3,0.8023926568891552
314,308,4,0.751486101876192
314,306,5,0.7456595700429365
315,165,1,0.8971470666154006
315,210,2,0.7981531895213655
315,460,3,0.7658332801573631
315,113,4,0.7374858583103068
315,234,5,0.7217222911709434
316,107,1,0.8142733219991023
316,313,2,0.7762592608821307
316,196,3,0.6588654315242192
316,35,4,0.6483601392469359
316,325,5,0.5512045845905152
317,252,1,0.7560103615581824
317,64,2,0.6312567452970739
317,435,3,0.5767137513921459
317,227,4,0.5245554915855165
317,228,5,0.5245554915855165
318,319,1,0.9804864920426477
318,320,2,0.9497363269826118
318,321,3,0.9481038605602413
318,387,4,0.8032844335116592
318,52,5,0.7813523698897722
319,318,1,0.9804864920426477
319,321,2,0.9667903758181062
319,320,3,0.9603093155728001
319,31,4,0.7856807347038655
319,387,5,0.7840899176417041
320,321,1,0.9619931189539542
320,319,2,0.9603093155728001
320,318,3,0.9497363269826118
320,52,4,0.8445711994732727
320,387,5,0.8342906542927413
321,319,1,0.9667903758181062
321,320,2,0.9619931189539542
321,318,3,0.9481038605602413
321,31,4,0.7875010862438422
321,387,5,0.7856365825025279
322,126,1,0.8656159288147351
322,386,2,0.8595691160974784
322,49,3,0.8261248468151084
322,48,4,0.8236989696197389
322,500,5,0.8098263580767561
323,37,1,0.7811665277836993
323,459,2,0.6787167660836262
323,235,3,0.6687029723656502
323,384,4,0.5978354294390621
323,236,5,0.4517712135009146
324,162,1,0.9368024160404569
324,338,2,0.8945219787471235
324,532,3,0.8902273812795367
324,63,4,0.8528848899187393
324,507,5,0.8252554821928224
325,35,1,0.8357749771137397
325,196,2,0.7923319900419686
325,30,3,0.7539349435340704
325,291,4,0.703098784635319
325,79,5,0.7009017925505523
326,245,1,0.8062400560056427
326,206,2,0.7983893236662489
326,221,3,0.7897011439433359
326,502,4,0.7853678460991341
326,40,5,0.783233800205945
327,599,1,0.7982098400174865
327,601,2,0.7871756173575271
327,176,3,0.7825632407172706
327,51,4,0.779150416279939
327,328,5,0.7758093948387846
328,599,1,0.8955439817883846
328,601,2,0.870792827846973
328,176,3,0.8666794211354144
328,51,4,0.832401257585351
328,148,5,0.7999485094524693
329,277,1,0.9935285114798482
329,540,2,0.9670405161720909
329,575,3,0.9649715832484094
329,309,4,0.960052706520711
329,233,5,0.9323652358276522
330,573,1,0.9673568193660697
330,533,2,0.9658143109314354
330,232,3,0.9645207018198486
330,571,4,0.9366862405213986
330,193,5,0.9192671355590532
331,192,1,0.9746514472742831
331,569,2,0.8666753571302136
331,570,3,0.8643465859815704
331,568,4,0.8576532480025695
331,571,5,0.8335480674278102
332,333,1,0.9986216022659238
332,207,2,0.856176542268025
332,29,3,0.841429069345258
332,355,4,0.8329960129133378
332,28,5,0.7552751137024721
333,332,1,0.9986216022659238
333,207,2,0.8526804802376513
333,29,3,0.8287938998986626
333,355,4,0.8206921784637845
333,28,5,0.7590643159582336
334,84,1,0.8981648628170498
334,188,2,0.82085361185482
334,638,3,0.8207344513686942
334,352,4,0.8103297152167289
334,335,5,0.808967938380286
335,637,1,0.8413630684198525
335,271,2,0.8220088254037157
335,334,3,0.808967938380286
335,638,4,0.7854200121083105
335,353,5,0.7624294381203262
336,50,1,0.7799752997056161
336,263,2,0.7768716597077672
336,468,3,0.7579715138742739
336,294,4,0.6948386858492914
336,293,5,0.6908041620382499
337,155,1,0.9467320439111895
337,507,2,0.9387974825826089
337,163,3,0.888112762815899
337,508,4,0.883437546603776
337,157,5,0.8788991116831019
338,509,1,0.916999327374096
338,508,2,0.913833978485735
338,324,3,0.8945219787471235
338,57,4,0.8901051700777659
338,162,5,0.882225238600027
339,342,1,0.8961184168919476
339,137,2,0.8572968372114892
339,254,3,0.8322776075103173
339,340,4,0.8290107470330593
339,343,5,0.7858970967039749
340,254,1,0.9950946623525172
340,255,2,0.9831937813684466
340,195,3,0.936122424919791
340,279,4,0.9360830846681715
340,66,5,0.9351982088402201
341,254,1,0.9071247608665233
341,66,2,0.9061271393025725
341,266,3,0.9055846107434933
341,195,4,0.9049113678286794
341,340,5,0.9029203580835014
342,339,1,0.8961184168919476
342,341,2,0.8510741710687163
342,343,3,0.8277898528267218
342,137,4,0.8231190901138421
342,143,5,0.8002864081657705
343,616,1,0.9307220631522739
343,220,2,0.8784642730913432
343,138,3,0.8750054576519084
343,265,4,0.8561612022411104
343,194,5,0.8467788749365569
344,265,1,0.9508814541304633
344,194,2,0.9477053514996422
344,616,3,0.9042685908239693
344,65,4,0.8664370900722314
344,220,5,0.8576251180717899
345,161,1,0.8724859874669795
345,281,2,0.8686119535224205
345,197,3,0.847580666347248
345,282,4,0.7727671759524831
345,300,5,0.7375124275393461
346,25,1,0.9519570061306275
346,350,2,0.9244117958202218
346,352,3,0.907823461657227
346,353,4,0.8846791088069305
346,457,5,0.8387075405546319
347,639,1,0.8452864301894357
347,84,2,0.823660643792113
347,497,3,0.7952257840889919
347,563,4,0.7631056930442258
347,85,5,0.7547976766045212
348,129,1,0.8677418291765805
348,497,2,0.8652769051961207
348,600,3,0.8627890700529308
348,135,4,0.8442591153550439
348,253,5,0.8122007822113063
349,497,1,0.8045913648966992
349,639,2,0.8003572852758294
349,348,3,0.7627023926063382
349,311,4,0.7101908757719909
349,600,5,0.7008958161532074
350,352,1,0.9726546035691374
350,25,2,0.9264501305002302
350,346,3,0.9244117958202218
350,353,4,0.9031589639500723
350,457,5,0.8737955366976894
351,308,1,0.8631486174280101
351,307,2,0.8575410538958332
351,306,3,0.8568248118698198
351,36,4,0.8128332898470356
351,463,5,0.8045323970829038
352,350,1,0.9726546035691374
352,25,2,0.9523501083627985
352,353,3,0.9297345594158818
352,457,4,0.9142498576208904
352,346,5,0.907823461657227
353,25,1,0.9297345594158818
353,352,2,0.9297345594158818
353,350,3,0.9031589639500723
353,346,4,0.8846791088069305
353,129,5,0.884414367000029
354,495,1,0.791938395519819
354,644,2,0.7884153024477181
354,76,3,0.6910054750230796
354,201,4,0.6728768430033111
354,249,5,0.647613403184592
355,332,1,0.8329960129133378
355,29,2,0.823578625232804
355,333,3,0.8206921784637845
355,207,4,0.7059275792178505
355,546,5,0.7056753291493888
356,41,1,0.9627590020159053
356,501,2,0.8929867075935835
356,538,3,0.8703818200385068
356,40,4,0.8687769143883293
356,206,5,0.8668341146235375
357,599,1,0.788363307670931
357,328,2,0.7454491398867391
357,51,3,0.7334400659914666
357,582,4,0.7247480077040783
357,634,5,0.7205718762043734
358,214,1,0.6797787013593308
358,212,2,0.6317498504259403
359,253,1,0.9312191920081933
359,135,2,0.8986956580884463
359,129,3,0.8733888582342846
359,25,4,0.8330572900864184
359,104,5,0.8195565703902895
360,530,1,0.9450657006248854
360,438,2,0.8003531212525824
360,256,3,0.7427373070810014
360,125,4,0.7328757921951519
360,56,5,0.7309405853477274
361,148,1,0.9251784089675009
361,599,2,0.8758767947405564
361,275,3,0.8443300364375463
361,51,4,0.8301402801062547
361,328,5,0.7832058764563683
362,363,1,0.99752959944726
362,671,2,0.9589235440580236
362,364,3,0.9226289885217929
362,668,4,0.8797088651253594
362,672,5,0.8759701649555871
363,362,1,0.99752959944726
363,671,2,0.9513675001036378
363,364,3,0.9225454859363894
363,668,4,0.8809665729938595
363,672,5,0.8648494716109192
364,672,1,0.945100884701024
364,362,2,0.9226289885217929
364,363,3,0.9225454859363894
364,173,4,0.8806206162567207
364,671,5,0.8761388921635649
365,174,1,0.9033144852305758
365,269,2,0.8559331131434936
365,158,3,0.8556218043369554
365,362,4,0.8423726650484181
365,364,5,0.834883258327028
366,663,1,0.9151960798154462
366,647,2,0.8668896632145083
366,217,3,0.7960210413222718
366,664,4,0.7659886350712385
366,648,5,0.7332009013609007
367,368,1,0.8998808291698568
367,26,2,0.8994319595863076
367,166,3,0.8688035453137382
367,670,4,0.8167109892268379
367,508,5,0.7870387502308325
368,26,1,0.9335338185109635
368,166,2,0.9069351674834094
368,367,3,0.8998808291698568
368,670,4,0.8652710123034237
368,338,5,0.8395784776018362
369,467,1,0.9598666444968464
369,571,2,0.9342966480960846
369,389,3,0.9193711188639899
369,573,4,0.8972856511937661
369,533,5,0.8962196250455547
370,501,1,0.8907331521259482
370,40,2,0.8736754997840193
370,538,3,0.8735882321937474
370,206,4,0.86667781314461
370,356,5,0.8627094144982572
371,24,1,0.9554712614371034
371,23,2,0.9554043266485227
371,549,3,0.9382528544261778
371,406,4,0.921829246752754
371,372,5,0.8922314074617492
372,376,1,0.918592201432392
372,371,2,0.8922314074617492
372,377,3,0.8587227818750376
372,24,4,0.8411767464707727
372,23,5,0.8408256436345615
373,375,1,0.909464395658697
373,374,2,0.8461839988953891
373,587,3,0.7274466593481836
373,376,4,0.6127068226262432
373,377,5,0.6127068226262432
374,375,1,0.8970792671292314
374,373,2,0.8461839988953891
374,376,3,0.7479256180101153
374,377,4,0.7479256180101153
374,587,5,0.6623247851794494
375,373,1,0.909464395658697
375,374,2,0.8970792671292314
375,587,3,0.72417967794395
375,377,4,0.6595268165177576
375,376,5,0.6074040801366554
376,372,1,0.918592201432392
376,377,2,0.8775356477557347
376,24,3,0.8550404359566942
376,371,4,0.8028236612364985
376,23,5,0.8023572113157915
377,23,1,0.906933632259223
377,376,2,0.8775356477557347
377,372,3,0.8587227818750376
377,24,4,0.8550404359566942
377,371,5,0.8550404359566942
378,383,1,0.8197318978964907
378,550,2,0.7832584050525692
378,407,3,0.7685205080305981
378,3,4,0.7272869672447297
378,408,5,0.645869251579456
379,5,1,0.8018257729631122
379,479,2,0.7882017641468552
379,446,3,0.7742566343797219
379,480,4,0.7618765295244821
379,380,5,0.7386950118015846
380,409,1,0.8654432148999177
380,5,2,0.7980012673536723
380,480,3,0.797985943874169
380,479,4,0.7837733665176824
380,379,5,0.7386950118015846
381,513,1,0.7703384435758115
381,18,2,0.7641191532198981
381,19,3,0.7360370277328714
381,524,4,0.5510851293545446
381,628,5,0.4095340429288184
382,17,1,0.4836807455116514
382,651,2,0.4618053264732716
382,658,3,0.4210562563211519
383,550,1,0.8624949465045021
383,378,2,0.8197318978964907
383,407,3,0.807514863137558
383,3,4,0.7957338636413789
383,408,5,0.7717666112533749
384,235,1,0.8617817144835107
384,459,2,0.7252748906174755
384,236,3,0.7017246958534127
384,37,4,0.6915002572314529
384,323,5,0.5978354294390621
385,641,1,0.7754992846487563
385,171,2,0.770079384318177
385,28,3,0.7107667287011157
385,474,4,0.7050965908814187
385,207,5,0.6931829724444468
386,322,1,0.8595691160974784
386,49,2,0.7719420572545579
386,48,3,0.7678889590576699
386,126,4,0.7570695940751
386,41,5,0.753983825207948
387,48,1,0.9587130819047819
387,49,2,0.9543066764100494
387,126,3,0.8834251849901238
387,320,4,0.8342906542927413
387,500,5,0.8249766125478539
388,284,1,0.8992166578440639
388,90,2,0.8186947944960707
388,89,3,0.7727696739948741
388,244,4,0.766069899014003
388,111,5,0.7590044347225638
389,467,1,0.9601347461245637
389,369,2,0.9193711188639899
389,571,3,0.854622148014079
389,117,4,0.8268873071173704
389,232,5,0.8232419900136031
390,464,1,0.929799108165683
390,275,2,0.8705830634602593
390,259,3,0.8668104633013338
390,463,4,0.8647904068863619
390,308,5,0.8510216305805713
391,392,1,0.9676333978460587
391,399,2,0.9594339164679437
391,400,3,0.7023305549286164
392,399,1,0.9969438733664395
392,391,2,0.9676333978460587
392,400,3,0.8259677930140434
393,354,1,0.6111421278163879
393,495,2,0.5343984621973631
393,644,3,0.4516147340022189
393,76,4,0.3936510753622777
393,249,5,0.33167924147247996
394,395,1,0.9706847448941442
394,396,2,0.8824605298851255
394,397,3,0.6259858580545749
394,398,4,0.6211831834894694
394,542,5,0.536643454211608
395,394,1,0.9706847448941442
395,396,2,0.9129544649843631
395,397,3,0.610392259992623
395,398,4,0.6069764489393432
395,542,5,0.47476366132440906
396,395,1,0.9129544649843631
396,394,2,0.8824605298851255
396,397,3,0.6246023539850343
396,398,4,0.598653416462304
396,541,5,0.5700815903213192
397,398,1,0.9879128508431568
397,394,2,0.6259858580545749
397,396,3,0.6246023539850343
397,395,4,0.610392259992623
397,541,5,0.5889891849898606
398,397,1,0.9879128508431568
398,394,2,0.6211831834894694
398,395,3,0.6069764489393432
398,396,4,0.598653416462304
398,542,5,0.5684623473993147
399,392,1,0.9969438733664395
399,391,2,0.9594339164679437
399,400,3,0.8485322724823762
400,399,1,0.8485322724823762
400,392,2,0.8259677930140434
400,391,3,0.7023305549286164
401,402,1,0.9988881740190217
401,418,2,0.9366787375233397
401,420,3,0.9346457530039163
401,403,4,0.9222678464962788
401,419,5,0.9174586569813113
402,401,1,0.9988881740190217
402,418,2,0.9398092712200726
402,420,3,0.9385990296055867
402,403,4,0.9295901287104978
402,419,5,0.9253357750378061
403,419,1,0.9984639335963661
403,418,2,0.9938185402596998
403,420,3,0.9376334189946077
403,402,4,0.9295901287104978
403,401,5,0.9222678464962788
404,412,1,0.8068812111999661
404,584,2,0.7991724143802575
404,523,3,0.7906919216189096
404,415,4,0.7898192306004593
404,4,5,0.7883594009677121
405,416,1,0.765044785132109
405,596,2,0.7472241351314535
405,490,3,0.6209585616217093
406,371,1,0.921829246752754
406,549,2,0.9009477203972358
406,2,3,0.8890449185531315
406,477,4,0.8813248936933585
406,24,5,0.8811050590259548
407,550,1,0.9417319425419032
407,3,2,0.9025300520593627
407,408,3,0.8755313988684016
407,383,4,0.807514863137558
407,378,5,0.7685205080305981
408,3,1,0.9067664261209956
408,407,2,0.8755313988684016
408,550,3,0.8578394627980783
408,383,4,0.7717666112533749
408,378,5,0.645869251579456
409,5,1,0.8969091940323094
409,380,2,0.8654432148999177
409,445,3,0.8364251892634968
409,480,4,0.7966332248890314
409,619,5,0.7842310732212376
410,488,1,0.9998324760744774
410,557,2,0.8711956807180807
410,555,3,0.8428553245211711
410,624,4,0.8222778000276096
410,448,5,0.7663662461506315
411,450,1,0.7761682909965009
411,559,2,0.7198813574205593
411,558,3,0.7002845217846788
411,451,4,0.7000418614088779
411,452,5,0.7000418614088779
412,515,1,0.9176326345279383
412,631,2,0.9156937484286559
412,415,3,0.8684719504407472
412,517,4,0.8234535724438241
412,417,5,0.8002314038171126
413,481,1,0.9365935458324345
413,442,2,0.8729432311021637
413,553,3,0.8620534053322836
413,484,4,0.835249622638245
413,692,5,0.7666185873001689
414,478,1,0.9638825880544992
414,632,2,0.9601485447068548
414,690,3,0.9598746815701349
414,441,4,0.9474399787009841
414,477,5,0.9423696865362986
415,412,1,0.8684719504407472
415,515,2,0.8117315986299317
415,517,3,0.8115559138447428
415,631,4,0.8034137128510889
415,627,5,0.7830953107466028
416,596,1,0.8042098878740487
416,405,2,0.765044785132109
416,490,3,0.6947904990424021
417,21,1,0.934932540588932
417,515,2,0.9332013631116538
417,517,3,0.9070661377619929
417,631,4,0.9046596263577045
417,590,5,0.890311478543394
418,403,1,0.9938185402596998
418,419,2,0.9876835637621592
418,402,3,0.9398092712200726
418,667,4,0.93792731983607
418,420,5,0.9374562584116937
419,403,1,0.9984639335963661
419,418,2,0.9876835637621592
419,420,3,0.936822752211347
419,402,4,0.9253357750378061
419,401,5,0.9174586569813113
420,140,1,0.9616261231300225
420,402,2,0.9385990296055867
420,403,3,0.9376334189946077
420,418,4,0.9374562584116937
420,419,5,0.936822752211347
421,615,1,0.9885801299028795
421,614,2,0.8824556343072023
421,613,3,0.8559171694681535
421,667,4,0.8440088976523853
421,401,5,0.840879100240136
422,182,1,0.9204565320993937
422,369,2,0.8722078687100979
422,232,3,0.8558684141722842
422,533,4,0.853524973836556
422,573,5,0.8491739936262527
423,429,1,0.9548548832696674
423,428,2,0.9092414155336633
423,433,3,0.8815779206056504
423,426,4,0.8776718923751193
423,427,5,0.8749313082950669
424,427,1,0.9467509928414523
424,433,2,0.9314168323061137
424,426,3,0.8576741761244101
424,428,4,0.8300379811197465
424,423,5,0.8025432355322335
425,105,1,0.8412371873020804
425,432,2,0.8350153104567389
425,430,3,0.809298307955649
425,423,4,0.7822574385948072
425,431,5,0.769600235370448
426,427,1,0.9247230377488564
426,433,2,0.9138954469979562
426,428,3,0.8849126072651562
426,423,4,0.8776718923751193
426,424,5,0.8576741761244101
427,433,1,0.9925448459112579
427,424,2,0.9467509928414523
427,426,3,0.9247230377488564
427,428,4,0.8853156289589236
427,423,5,0.8749313082950669
428,429,1,0.9596963731048093
428,423,2,0.9092414155336633
428,427,3,0.8853156289589236
428,426,4,0.8849126072651562
428,433,5,0.870038894470216
429,428,1,0.9596963731048093
429,423,2,0.9548548832696674
429,426,3,0.8530472165771728
429,427,4,0.8493490175556405
429,433,5,0.8381800007625411
430,431,1,0.8873734163630296
430,434,2,0.8251937956448646
430,421,3,0.8115106626214629
430,425,4,0.809298307955649
430,615,5,0.8069421987182278
431,430,1,0.8873734163630296
431,434,2,0.8743582597878949
431,615,3,0.8505816061156425
431,421,4,0.8394318779429814
431,432,5,0.8324026433683223
432,434,1,0.9064851018407064
432,401,2,0.8482579384690716
432,402,3,0.8350922150294389
432,425,4,0.8350153104567389
432,431,5,0.8324026433683223
433,427,1,0.9925448459112579
433,424,2,0.9314168323061137
433,426,3,0.9138954469979562
433,423,4,0.8815779206056504
433,428,5,0.870038894470216
434,432,1,0.9064851018407064
434,615,2,0.8801328567735588
434,431,3,0.8743582597878949
434,421,4,0.8385967367326271
434,430,5,0.8251937956448646
435,91,1,0.7813409726986263
435,494,2,0.7510907765834884
435,283,3,0.743243208425251
435,227,4,0.71321848153552
435,228,5,0.71321848153552
436,664,1,0.9345332404129776
436,648,2,0.724989709713529
436,366,3,0.685239809887814
436,663,4,0.6520253362892576
436,647,5,0.6167050227578973
437,109,1,0.823632793444506
437,645,2,0.7880599927517595
437,77,3,0.7615401591051214
437,86,4,0.7464535129144749
437,152,5,0.6947341710169362
438,530,1,0.8377299086910184
438,360,2,0.8003531212525824
438,32,3,0.7934111879284445
438,302,4,0.78637457706164
438,256,5,0.7685979017015336
439,516,1,0.8946767033570296
439,15,2,0.886569530120682
439,649,3,0.8818435262819647
439,525,4,0.8791349895398053
439,688,5,0.8649769736436733
440,547,1,0.7375946050462172
440,556,2,0.7111761514165541
440,589,3,0.7099723962336326
440,660,4,0.6398307204795634
440,624,5,0.6227164488050223
441,478,1,0.9828925880052527
441,414,2,0.9474399787009841
441,14,3,0.9297619818219164
441,652,4,0.9222657567027986
441,489,5,0.9118804011936467
442,553,1,0.9950700872849573
442,484,2,0.9217623125950909
442,413,3,0.8729432311021637
442,481,4,0.8185670132384985
442,692,5,0.8120986211734385
443,444,1,0.950598225533816
443,662,2,0.8871675449135779
443,492,3,0.857847365560589
443,12,4,0.8383865604783
443,630,5,0.828859049421233
444,443,1,0.950598225533816
444,662,2,0.8871675449135779
444,492,3,0.857847365560589
444,12,4,0.8383865604783
444,630,5,0.828859049421233
445,480,1,0.9279889208134562
445,479,2,0.9114609175017792
445,5,3,0.9101460689297007
445,446,4,0.9003947013049082
445,619,5,0.8897406714650113
446,480,1,0.9310717412926677
446,479,2,0.9144888312186931
446,445,3,0.9003947013049082
446,619,4,0.8516578517875305
446,5,5,0.8397017331389492
447,661,1,0.13001052385245995
448,549,1,0.8119514457619432
448,2,2,0.7840993153079463
448,406,3,0.7759262084264361
448,488,4,0.7677407911035067
448,410,5,0.7663662461506315
449,653,1,0.8089738433534815
449,686,2,0.7554415643015492
449,588,3,0.7003808959995818
449,689,4,0.6439419693502487
449,6,5,0.5484778019716351
450,558,1,0.9221081782862245
450,451,2,0.9220577143363632
450,452,3,0.9220577143363632
450,453,4,0.9220577143363632
450,411,5,0.7761682909965009
451,558,1,0.999999194349315
451,452,2,0.9492969643372268
451,453,3,0.9492969643372268
451,450,4,0.9220577143363632
451,411,5,0.7000418614088779
452,558,1,0.9493258905226996
452,451,2,0.9492969643372268
452,453,3,0.9492969643372268
452,450,4,0.9220577143363632
452,411,5,0.7000418614088779
453,558,1,0.9493258905226996
453,451,2,0.9492969643372268
453,452,3,0.9492969643372268
453,450,4,0.9220577143363632
453,411,5,0.7000418614088779
454,548,1,0.8350524096382419
454,551,2,0.8312472704942524
454,512,3,0.7702113835255561
454,20,4,0.7454442571154103
454,650,5,0.5466168731108267
455,16,1,0.6747223744171913
455,684,2,0.6478370999186549
455,407,3,0.5257350521326031
455,550,4,0.4908947917698295
455,3,5,0.46583071111736074
456,94,1,0.8737776418012186
456,96,2,0.8602087738198289
456,51,3,0.7206154527833064
456,357,4,0.7088218020970308
456,361,5,0.6998537651457581
457,352,1,0.9142498576208904
457,350,2,0.8737955366976894
457,25,3,0.8670488608730509
457,353,4,0.8475663687531142
457,188,5,0.8458283557748622
458,609,1,0.8927708345100847
458,611,2,0.875756136721757
458,546,3,0.8603745971946875
458,239,4,0.8434927175930008
458,565,5,0.8389357922614449
459,235,1,0.8012006285997998
459,384,2,0.7252748906174755
459,323,3,0.6787167660836262
459,37,4,0.6644666224651493
459,236,5,0.6462047354271907
460,210,1,0.90899889519593
460,165,2,0.8084828888333137
460,234,3,0.7717791833554448
460,47,4,0.7684716641180451
460,315,5,0.7658332801573631
461,312,1,0.968573248304612
461,240,2,0.9141803130764578
461,161,3,0.7128628719223414
461,301,4,0.6474296369120717
461,282,5,0.6274834827501289
462,237,1,0.7507338506605203
462,238,2,0.6373196331098672
463,464,1,0.9338528619945364
463,390,2,0.8647904068863619
463,275,3,0.8127470070999078
463,351,4,0.8045323970829038
463,259,5,0.8014933522533236
464,463,1,0.9338528619945364
464,390,2,0.929799108165683
464,275,3,0.8127470070999078
464,259,4,0.8014933522533236
464,308,5,0.7780370194840294
465,50,1,0.7156583341744736
465,263,2,0.7120102593316908
465,468,3,0.6436855982429964
465,336,4,0.5942907662684718
465,294,5,0.5872945250915219
466,78,1,0.7959037146153763
466,645,2,0.7587024149094005
466,153,3,0.7527675163499652
466,77,4,0.738308347683449
466,151,5,0.7195806833758523
467,389,1,0.9601347461245637
467,369,2,0.9598666444968464
467,571,3,0.8950434131884917
467,232,4,0.8597561055441555
467,573,5,0.8580276575674451
468,336,1,0.7579715138742739
468,465,2,0.6436855982429964
468,531,3,0.6214588537876418
468,50,4,0.5236908462672409
468,292,5,0.5222987856786534
469,470,1,0.8499753775641133
470,469,1,0.8499753775641133
471,63,1,0.9233994674258139
471,190,2,0.8903130938901773
471,167,3,0.8763262657615905
471,127,4,0.8597485753836264
471,163,5,0.8412839955840826
472,61,1,0.9928830837872122
472,473,2,0.928558211539741
472,216,3,0.922221902067499
472,213,4,0.9184343573962528
472,215,5,0.9173808708540172
473,216,1,0.9927827957187341
473,472,2,0.928558211539741
473,59,3,0.9275440872487687
473,61,4,0.9226320076857906
473,213,5,0.9188160494559107
474,641,1,0.8918517674300003
474,475,2,0.8781992175030516
474,207,3,0.8608128528685494
474,642,4,0.8509604434907169
474,458,5,0.8011458593268843
475,474,1,0.8781992175030516
475,642,2,0.8719943974225712
475,641,3,0.8232919217950642
475,609,4,0.8149583835019405
475,81,5,0.7654287788361405
476,668,1,0.8088614278027377
476,363,2,0.7154300253468618
476,362,3,0.7053531276570354
476,676,4,0.6833330473091618
476,289,5,0.669447989589879
477,489,1,0.9808536869319925
477,519,2,0.9603528580532826
477,414,3,0.9423696865362986
477,520,4,0.9418229879595095
477,632,5,0.9404555703809405
478,441,1,0.9828925880052527
478,414,2,0.9638825880544992
478,14,3,0.9459160833033995
478,652,4,0.9382394562402426
478,489,5,0.9276478098785242
479,480,1,0.9821894389674506
479,446,2,0.9144888312186931
479,445,3,0.9114609175017792
479,5,4,0.8936585607905337
479,619,5,0.8696647134192609
480,479,1,0.9821894389674506
480,446,2,0.9310717412926677
480,445,3,0.9279889208134562
480,5,4,0.9098637445440393
480,619,5,0.8854348040369029
481,413,1,0.9365935458324345
481,484,2,0.8397975804976903
481,442,3,0.8185670132384985
481,553,4,0.8161115358039788
481,692,5,0.7659530237343268
482,487,1,0.7082559190242196
482,659,2,0.5911393682169674
482,623,3,0.2991236906707706
482,654,4,0.2897298647610864
482,629,5,0.10419358479794805
483,618,1,0.8678842892049657
483,552,2,0.7283373892856334
484,553,1,0.9222723084425409
484,442,2,0.9217623125950909
484,481,3,0.8397975804976903
484,413,4,0.835249622638245
484,692,5,0.7814873511410599
485,622,1,0.7776094560965976
485,693,2,0.7337610993523885
485,10,3,0.7036590621981816
485,8,4,0.6293264729040033
485,687,5,0.5734744501525361
486,586,1,0.7826043564165287
486,655,2,0.714015916878426
487,482,1,0.7082559190242196
487,659,2,0.6129162199679321
487,654,3,0.5367469079746172
487,629,4,0.4704183701939328
487,623,5,0.12113419576129983
488,410,1,0.9998324760744774
488,557,2,0.8708486515455365
488,555,3,0.8412253409392041
488,624,4,0.8188856978866175
488,448,5,0.7677407911035067
489,477,1,0.9808536869319925
489,519,2,0.9808401439889186
489,520,3,0.9619149746634323
489,521,4,0.942296262518977
489,522,5,0.942296262518977
490,416,1,0.6947904990424021
490,596,2,0.6227313326592397
490,405,3,0.6209585616217093
491,12,1,0.8752289554504336
491,17,2,0.8385953793681492
491,618,3,0.8355238416176067
491,655,4,0.8304120069788212
491,558,5,0.8236428422036399
492,662,1,0.9267439824615755
492,443,2,0.857847365560589
492,444,3,0.857847365560589
492,12,4,0.8512458983500941
492,11,5,0.8451822844233806
493,662,1,0.5684837548387569
493,492,2,0.4565066027247791
493,443,3,0.41847441986984935
493,444,4,0.41847441986984935
493,12,5,0.343214565919593
494,73,1,0.8294573006427038
494,74,2,0.8217306439885478
494,72,3,0.782181795988131
494,211,4,0.7631152204705135
494,435,5,0.7510907765834884
495,644,1,0.8218088795215128
495,354,2,0.791938395519819
495,76,3,0.7740982955861055
495,249,4,0.7000359775741933
495,544,5,0.6496028299455108
496,227,1,0.7768956261456519
496,228,2,0.7768956261456519
496,225,3,0.7712040297128339
496,226,4,0.7712040297128339
496,99,5,0.6793638324135084
497,348,1,0.8652769051961207
497,600,2,0.8461422243006578
497,311,3,0.8340547798290122
497,349,4,0.8045913648966992
497,347,5,0.7952257840889919
498,385,1,0.6286396792500191
498,641,2,0.5294896040034829
498,642,3,0.5021153889786939
498,475,4,0.4934117190672676
498,474,5,0.48150980845984365
499,303,1,0.7340321317137528
499,304,2,0.6794274800861054
499,274,3,0.6719290952093167
499,179,4,0.6644260913871556
499,305,5,0.6629730690902464
500,126,1,0.9012545885842692
500,538,2,0.8989897410501196
500,501,3,0.8816406711349202
500,48,4,0.8708367521385808
500,49,5,0.8704700169691012
501,538,1,0.9712930035981623
501,40,2,0.9609523948934916
501,562,3,0.9533060828332531
501,206,4,0.9505592772108458
501,356,5,0.8929867075935835
502,221,1,0.8378835907515818
502,187,2,0.815063432131031
502,356,3,0.788710152951311
502,577,4,0.7873935135987965
502,326,5,0.7853678460991341
503,504,1,0.9166385458507172
503,250,2,0.7658997559713393
503,502,3,0.7482539364209304
503,53,4,0.687085806276403
503,580,5,0.6472229656621367
504,503,1,0.9166385458507172
504,502,2,0.7542316773887376
504,250,3,0.7491446887632714
504,53,4,0.6794219915608155
504,580,5,0.6564596495816339
505,506,1,0.7982505618374622
505,295,2,0.7905664301019648
505,248,3,0.783947870287818
505,215,4,0.7419694191754823
505,247,5,0.7069814390885399
506,505,1,0.7982505618374622
506,213,2,0.7468282479715569
506,215,3,0.6913064148921692
506,472,4,0.690187987552774
506,473,5,0.6870927708180492
507,337,1,0.9387974825826089
507,508,2,0.885858525948209
507,155,3,0.879442379733686
507,509,4,0.8757342851695383
507,338,5,0.8509653021127883
508,509,1,0.9412752349842899
508,338,2,0.913833978485735
508,507,3,0.885858525948209
508,337,4,0.883437546603776
508,678,5,0.8709973020783012
509,678,1,0.9418720828780363
509,508,2,0.9412752349842899
509,338,3,0.916999327374096
509,128,4,0.8924774740670435
509,160,5,0.8798753331917658
510,511,1,1.0
510,276,2,0.9993801816348308
510,122,3,0.932860155710351
510,123,4,0.932860155710351
510,34,5,0.9121777499010014
511,510,1,1.0
511,276,2,0.9993801816348308
511,122,3,0.932860155710351
511,123,4,0.932860155710351
511,34,5,0.9121777499010014
512,454,1,0.7702113835255561
512,551,2,0.7104999098824372
512,548,3,0.6751818879359086
512,20,4,0.6100452001731467
512,650,5,0.5220505058510513
513,18,1,0.9465344329936694
513,19,2,0.9258210054140278
513,381,3,0.7703384435758115
513,524,4,0.7210603646975783
513,628,5,0.47455256496623255
514,441,1,0.9067064774663457
514,478,2,0.8891495270817137
514,414,3,0.8874982922178882
514,650,4,0.8872097427033262
514,409,5,0.8848767125763521
515,631,1,0.976604802494845
515,417,2,0.9332013631116538
515,412,3,0.9176326345279383
515,590,4,0.9054798877596707
515,517,5,0.8948711360468798
516,15,1,0.9428399987835887
516,439,2,0.8946767033570296
516,688,3,0.8804035292586996
516,649,4,0.8340042573779488
516,525,5,0.7951455619127497
517,631,1,0.9078246158220827
517,417,2,0.9070661377619929
517,515,3,0.8948711360468798
517,21,4,0.8865632580097174
517,627,5,0.8750909410796262
518,620,1,0.6766916491990795
518,4,2,0.5780090373249736
519,489,1,0.9808401439889186
519,520,2,0.9807051440120297
519,477,3,0.9603528580532826
519,521,4,0.9602639709605235
519,522,5,0.9602639709605235
520,519,1,0.9807051440120297
520,489,2,0.9619149746634323
520,477,3,0.9418229879595095
520,521,4,0.9417358159304032
520,522,5,0.9417358159304032
521,522,1,1.0000000000000004
521,519,2,0.9602639709605235
521,489,3,0.942296262518977
521,520,4,0.9417358159304032
521,477,5,0.9208185140429885
522,521,1,1.0000000000000004
522,519,2,0.9602639709605235
522,489,3,0.942296262518977
522,520,4,0.9417358159304032
522,477,5,0.9208185140429885
523,414,1,0.9195969062834958
523,549,2,0.8896977395900593
523,478,3,0.8873281125279165
523,632,4,0.884684895189498
523,690,5,0.8834428905786395
524,18,1,0.7246688828353579
524,513,2,0.7210603646975783
524,19,3,0.6916274512552412
524,628,4,0.5825472238639602
524,381,5,0.5510851293545446
525,439,1,0.8791349895398053
525,516,2,0.7951455619127497
525,688,3,0.7836379477175758
525,649,4,0.7683287740102798
525,15,5,0.767129873308183
526,44,1,0.9691876278639324
526,572,2,0.9633601440812531
526,510,3,0.8713687199158029
526,511,4,0.8713687199158029
526,276,5,0.8704842065236217
527,528,1,1.0
527,534,2,0.9662360904616294
527,183,3,0.8746418397874732
527,192,4,0.8457033710076544
527,46,5,0.8372612828018974
528,527,1,1.0
528,534,2,0.9662360904616294
528,183,3,0.8746418397874732
528,192,4,0.8457033710076544
528,46,5,0.8372612828018974
529,157,1,0.8743591466975897
529,337,2,0.854418944496491
529,156,3,0.8343896953909806
529,509,4,0.8215611674889213
529,508,5,0.8203526878214307
530,360,1,0.9450657006248854
530,438,2,0.8377299086910184
530,256,3,0.7806634711426284
530,131,4,0.7687926727919822
530,132,5,0.7687926727919822
531,468,1,0.6214588537876418
531,336,2,0.6077071534730146
531,106,3,0.539851981549103
531,43,4,0.5125330748484315
531,294,5,0.42982697430308864
532,162,1,0.9037817999750477
532,324,2,0.8902273812795367
532,509,3,0.8447895633721771
532,190,4,0.8251477047526043
532,337,5,0.8194491640803031
533,232,1,0.9994984146460469
533,573,2,0.9994560836307735
533,330,3,0.9658143109314354
533,571,4,0.8984024975331166
533,309,5,0.8972987874259017
534,527,1,0.9662360904616294
534,528,2,0.9662360904616294
534,46,3,0.8777790084328431
534,192,4,0.8496486492168123
534,183,5,0.8435568743460273
535,608,1,0.8311905033475585
535,164,2,0.7268648106147696
535,130,3,0.673888376054894
535,546,4,0.6569554843916848
535,29,5,0.5383217477816987
536,281,1,0.7246787016862338
536,197,2,0.6980750942158112
536,345,3,0.6780686453116447
536,161,4,0.6252482204297113
536,301,5,0.577575695685073
537,191,1,0.7233666257893779
537,190,2,0.7059004948085627
537,163,3,0.7050322510123483
537,162,4,0.7012260978016086
537,218,5,0.6978159363475444
538,501,1,0.9712930035981623
538,40,2,0.9436934882986375
538,206,3,0.9397306005103013
538,562,4,0.9141236217785069
538,500,5,0.8989897410501196
539,36,1,0.7496605808354875
539,306,2,0.7458588573485773
539,307,3,0.7437902581535314
539,308,4,0.7310852075836469
539,463,5,0.7203359050062412
540,329,1,0.9670405161720909
540,277,2,0.9646116276846699
540,575,3,0.9313047654768072
540,309,4,0.9299882853344758
540,646,5,0.9119879549344808
541,542,1,0.9876942130307814
541,397,2,0.5889891849898606
541,396,3,0.5700815903213192
541,398,4,0.5474322988468968
541,394,5,0.5304985851732924
542,541,1,0.9876942130307814
542,397,2,0.5865494399729263
542,398,3,0.5684623473993147
542,396,4,0.555679322198766
542,394,5,0.536643454211608
543,233,1,0.9028355276932695
543,571,2,0.8947313762834869
543,330,3,0.8940170413201282
543,278,4,0.8627432728698179
543,232,5,0.8615108637260028
544,201,1,0.8883343994000391
544,249,2,0.8695184016714127
544,76,3,0.820618766996799
544,581,4,0.7410884322082341
544,644,5,0.6926631570816112
545,99,1,0.8038141241089853
545,211,2,0.7600687906717276
545,225,3,0.7050152819583051
545,226,4,0.7050152819583051
545,227,5,0.6995189814503965
546,458,1,0.8603745971946875
546,565,2,0.8481192985907985
546,239,3,0.7999360261249082
546,609,4,0.7545965381492762
546,610,5,0.7367373048737923
547,556,1,0.7809957610072071
547,440,2,0.7375946050462172
547,589,3,0.6469883546731573
547,660,4,0.6420461582514773
547,587,5,0.5925901010631042
548,551,1,0.8579511044102833
548,454,2,0.8350524096382419
548,512,3,0.6751818879359086
548,650,4,0.674419257788174
548,633,5,0.6461903669171085
549,371,1,0.9382528544261778
549,23,2,0.9031949341608869
549,24,3,0.9029731714572997
549,406,4,0.9009477203972358
549,519,5,0.8989798987358211
550,407,1,0.9417319425419032
550,3,2,0.8848110860577129
550,383,3,0.8624949465045021
550,408,4,0.8578394627980783
550,378,5,0.7832584050525692
551,548,1,0.8579511044102833
551,454,2,0.8312472704942524
551,512,3,0.7104999098824372
551,650,4,0.6653275288965345
551,20,5,0.6607108708858644
552,483,1,0.7283373892856334
552,618,2,0.6697159542745628
553,442,1,0.9950700872849573
553,484,2,0.9222723084425409
553,413,3,0.8620534053322836
553,481,4,0.8161115358039788
553,692,5,0.8069472697641124
554,625,1,0.9663983844359298
554,626,2,0.9663983844359298
554,583,3,0.965944907688791
554,585,4,0.9487562574686788
554,584,5,0.823699563582915
555,410,1,0.8428553245211711
555,488,2,0.8412253409392041
555,624,3,0.8340181162744639
555,557,4,0.7552514535244959
555,691,5,0.746607066697928
556,547,1,0.7809957610072071
556,660,2,0.7608735221252689
556,589,3,0.7422033813914731
556,440,4,0.7111761514165541
556,587,5,0.6743487518436665
557,410,1,0.8711956807180807
557,488,2,0.8708486515455365
557,624,3,0.8005321896630716
557,448,4,0.7626431003077457
557,555,5,0.7552514535244959
558,451,1,0.999999194349315
558,452,2,0.9493258905226996
558,453,3,0.9493258905226996
558,450,4,0.9221081782862245
558,411,5,0.7002845217846788
559,411,1,0.7198813574205593
559,450,2,0.5196438799869156
559,558,3,0.5083125170663659
559,451,4,0.5080148141085821
559,452,5,0.5080148141085821
560,691,1,0.924371762503698
560,660,2,0.7051765579240211
560,555,3,0.6884361216059182
560,410,4,0.6734348507593292
560,488,5,0.6661353129309477
561,15,1,0.889495048649478
561,7,2,0.8674215898439255
561,4,3,0.8632205612224674
561,516,4,0.8616741132574147
561,626,5,0.8604729149314013
562,40,1,0.9649002810166712
562,501,2,0.9533060828332531
562,206,3,0.9383058681940466
562,538,4,0.9141236217785069
562,41,5,0.8843617863324518
563,85,1,0.9126344277336406
563,84,2,0.8506890990605885
563,638,3,0.7755066961660163
563,600,4,0.7659003731470247
563,135,5,0.7636536759195491
564,614,1,0.8335214304305613
564,420,2,0.8083124066997238
564,87,3,0.7936371100103217
564,401,4,0.7854283835116339
564,421,5,0.7770143402181777
565,546,1,0.8481192985907985
565,458,2,0.8389357922614449
565,642,3,0.8228347239296689
565,29,4,0.8087291839040269
565,239,5,0.8027322392918278
566,259,1,0.9025227269887657
566,275,2,0.8833250713164083
566,390,3,0.8422856515595689
566,260,4,0.7941512730164869
566,463,5,0.76629699237262
567,603,1,0.8725557187790615
567,302,2,0.831575946339257
567,32,3,0.7802836442938628
567,605,4,0.7783104148645766
567,33,5,0.7579255376137051
568,570,1,0.9970290911108258
568,569,2,0.996199563919424
568,192,3,0.8781825338735237
568,181,4,0.8750793644161055
568,331,5,0.8576532480025695
569,570,1,0.9995743297691284
569,568,2,0.996199563919424
569,192,3,0.8892964504168475
569,181,4,0.8788245343769681
569,331,5,0.8666753571302136
570,569,1,0.9995743297691284
570,568,2,0.9970290911108258
570,192,3,0.8870351033264005
570,181,4,0.8759962604288994
570,331,5,0.8643465859815704
571,330,1,0.9366862405213986
571,369,2,0.9342966480960846
571,573,3,0.900938778083537
571,329,4,0.900826576091416
571,533,5,0.8984024975331166
572,526,1,0.9633601440812531
572,44,2,0.9325738634874446
572,510,3,0.8329943218915521
572,511,4,0.8329943218915521
572,193,5,0.8326200550994587
573,533,1,0.9994560836307735
573,232,2,0.9990182289755681
573,330,3,0.9673568193660697
573,571,4,0.900938778083537
573,369,5,0.8972856511937661
574,575,1,0.9609608477515339
574,309,2,0.9514882842845355
574,329,3,0.9299562467246837
574,277,4,0.9190293601747721
574,231,5,0.9103898488473617
575,329,1,0.9649715832484094
575,574,2,0.9609608477515339
575,277,3,0.9591642869381243
575,540,4,0.9313047654768072
575,309,5,0.9251770147686521
576,202,1,0.6613345125001845
576,68,2,0.5196840152162221
577,222,1,0.9465362364050849
577,580,2,0.8646323643564178
577,578,3,0.8580794532809702
577,53,4,0.8516914822369052
577,48,5,0.8250526488672046
578,580,1,0.9966023087758619
578,579,2,0.9123981858438307
578,500,3,0.8594063046583855
578,577,4,0.8580794532809702
578,222,5,0.8178639182889522
579,580,1,0.9156345991208324
579,578,2,0.9123981858438307
579,500,3,0.7884245997597285
579,577,4,0.7759897428480682
579,222,5,0.7264723062272122
580,578,1,0.9966023087758619
580,579,2,0.9156345991208324
580,577,3,0.8646323643564178
580,500,4,0.8616945114198334
580,222,5,0.8189493382311104
581,198,1,0.8918473073034436
581,249,2,0.8151939583351983
581,71,3,0.7990125491329848
581,201,4,0.7873721105857665
581,76,5,0.780838541126008
582,51,1,0.8808239949775744
582,599,2,0.7671360249921534
582,328,3,0.7646376969946475
582,176,4,0.7623907876964101
582,604,5,0.7618891475275184
583,626,1,0.9997680140318215
583,625,2,0.9661848764787261
583,554,3,0.965944907688791
583,585,4,0.9486411488893611
583,584,5,0.8657022466100761
584,626,1,0.8663216234256851
584,583,2,0.8657022466100761
584,585,3,0.8411882974347582
584,625,4,0.8256010941328847
584,554,5,0.823699563582915
585,625,1,0.9492741811071539
585,626,2,0.9492741811071539
585,554,3,0.9487562574686788
585,583,4,0.9486411488893611
585,584,5,0.8411882974347582
586,655,1,0.8227543767951754
586,486,2,0.7826043564165287
587,373,1,0.7274466593481836
587,375,2,0.72417967794395
587,556,3,0.6743487518436665
587,374,4,0.6623247851794494
587,376,5,0.63672802374864
588,6,1,0.8275009843440227
588,653,2,0.7741234475427202
588,686,3,0.7013582415935229
588,449,4,0.7003808959995818
588,689,5,0.6997650590943759
589,660,1,0.8612229882477564
589,556,2,0.7422033813914731
589,440,3,0.7099723962336326
589,624,4,0.7077045871714525
589,555,5,0.7011309989708906
590,627,1,0.9430739343073253
590,515,2,0.9054798877596707
590,417,3,0.890311478543394
590,21,4,0.8692589045593246
590,631,5,0.8681340993267059
591,592,1,0.9194998059939954
591,590,2,0.7740252846644029
591,515,3,0.7587214551149893
591,627,4,0.7558023674325463
591,417,5,0.742514503158939
592,591,1,0.9194998059939954
592,590,2,0.7648082340557243
592,515,3,0.7512692237936572
592,627,4,0.7479216708355952
592,417,5,0.7346790954207595
593,657,1,0.902584547075957
593,481,2,0.8772305896298943
593,410,3,0.8751879492228078
593,488,4,0.8737292972443899
593,413,5,0.8727665328888218
594,595,1,0.9225529913290672
594,7,2,0.8472383079579727
595,594,1,0.9225529913290672
595,7,2,0.9005123849101936
596,416,1,0.8042098878740487
596,405,2,0.7472241351314535
596,490,3,0.6227313326592397
597,9,1,0.7086002369809219
597,1,2,0.3208464315824477
598,236,1,0.5033396624045213
598,384,2,0.44802226668373774
598,235,3,0.4301078776248395
598,37,4,0.3410286678205001
598,459,5,0.32164928673419335
599,148,1,0.896051647051057
599,328,2,0.8955439817883846
599,176,3,0.8823816224276508
599,51,4,0.8780396394874626
599,361,5,0.8758767947405564
600,348,1,0.8627890700529308
600,497,2,0.8461422243006578
600,311,3,0.8338157535246836
600,135,4,0.7697312003188969
600,563,5,0.7659003731470247
601,328,1,0.870792827846973
601,599,2,0.8359601666409998
601,176,3,0.829298816729713
601,327,4,0.7871756173575271
601,148,5,0.7597935338382735
602,179,1,0.6656886814420999
602,274,2,0.6428174627090169
602,305,3,0.5655992135289836
602,304,4,0.521195441548332
602,303,5,0.43013447378996283
603,605,1,0.888783200654217
603,567,2,0.8725557187790615
603,302,3,0.8670398640851431
603,33,4,0.8555807771318267
603,38,5,0.7993947569424783
604,582,1,0.7618891475275184
604,328,2,0.74670796780678
604,51,3,0.7285340506693148
604,456,4,0.6790629389343171
604,599,5,0.6782994515269631
605,603,1,0.888783200654217
605,302,2,0.8428610221846035
605,33,3,0.8414687925990602
605,567,4,0.7783104148645766
605,32,5,0.7715523829323347
606,675,1,0.9774784695157666
606,607,2,0.9554151192713987
606,566,3,0.6588900743478134
606,259,4,0.6531220857602488
606,390,5,0.6267400502134803
607,606,1,0.9554151192713987
607,675,2,0.9293649798187961
607,390,3,0.6241813110689459
607,463,4,0.6039287261060825
607,464,5,0.6039287261060825
608,535,1,0.8311905033475585
608,164,2,0.6631750256983253
608,130,3,0.5953597288525702
608,29,4,0.5449858396710326
608,332,5,0.5022013382938064
609,239,1,0.9020416014340307
609,458,2,0.8927708345100847
609,642,3,0.8487761044199763
609,611,4,0.8287135790909126
609,475,5,0.8149583835019405
610,458,1,0.8249818892108841
610,81,2,0.8193447431384876
610,565,3,0.8012883990220669
610,611,4,0.7955494560948606
610,474,5,0.7753768090748407
611,458,1,0.875756136721757
611,609,2,0.8287135790909126
611,610,3,0.7955494560948606
611,474,4,0.7923361549537663
611,565,5,0.7710249848377121
612,613,1,0.981426007491743
612,614,2,0.8817324001180185
612,615,3,0.87081057813053
612,401,4,0.866060346363304
612,402,5,0.8545177466314692
613,612,1,0.981426007491743
613,614,2,0.9115053078907475
613,401,3,0.898122889355209
613,615,4,0.8980426643541954
613,402,5,0.8869484224332298
614,420,1,0.9355181700053564
614,613,2,0.9115053078907475
614,401,3,0.892287664128514
614,402,4,0.8889570906041373
614,140,5,0.885419738491293
615,421,1,0.9885801299028795
615,613,2,0.8980426643541954
615,614,3,0.8821974083525237
615,434,4,0.8801328567735588
615,612,5,0.87081057813053
616,138,1,0.936887748547465
616,343,2,0.9307220631522739
616,344,3,0.9042685908239693
616,220,4,0.8737743104448722
616,265,5,0.8599637918887191
617,211,1,0.6576913375622272
617,110,2,0.6142485124622135
617,99,3,0.5601569436961547
617,545,4,0.5567613333649046
617,145,5,0.4943722414131422
618,483,1,0.8678842892049657
618,552,2,0.6697159542745628
619,445,1,0.8897406714650113
619,480,2,0.8854348040369029
619,479,3,0.8696647134192609
619,5,4,0.862212587311688
619,446,5,0.8516578517875305
620,4,1,0.8038056538408827
620,518,2,0.6766916491990795
621,584,1,0.7573371035228154
621,585,2,0.6879992141631214
621,625,3,0.6734974292467918
621,626,4,0.6734974292467918
621,583,5,0.6708223125651397
622,10,1,0.8131542621606793
622,485,2,0.7776094560965976
622,693,3,0.7712780107953457
622,687,4,0.6623089416761143
622,8,5,0.6011534956881807
623,659,1,0.541840871053085
623,654,2,0.34672096486992243
623,482,3,0.2991236906707706
623,487,4,0.12113419576129983
623,629,5,-0.25916853570714865
624,555,1,0.8340181162744639
624,410,2,0.8222778000276096
624,488,3,0.8188856978866175
624,557,4,0.8005321896630716
624,589,5,0.7077045871714525
625,626,1,0.9666203218377085
625,554,2,0.9663983844359298
625,583,3,0.9661848764787261
625,585,4,0.9492741811071539
625,584,5,0.8256010941328847
626,583,1,0.9997680140318215
626,625,2,0.9666203218377085
626,554,3,0.9663983844359298
626,585,4,0.9492741811071539
626,584,5,0.8663216234256851
627,590,1,0.9430739343073253
627,515,2,0.8802636325113298
627,517,3,0.8750909410796262
627,417,4,0.8660027042695005
627,21,5,0.8458271813497986
628,524,1,0.5825472238639602
628,18,2,0.5246425384350676
628,19,3,0.4917255631119127
628,513,4,0.47455256496623255
628,381,5,0.4095340429288184
629,654,1,0.7004069154217443
629,487,2,0.4704183701939328
629,659,3,0.43281390436283246
629,482,4,0.10419358479794805
629,623,5,-0.25916853570714865
630,12,1,0.8850003930455815
630,445,2,0.844824384608648
630,480,3,0.8358774215680272
630,443,4,0.828859049421233
630,444,5,0.828859049421233
631,515,1,0.976604802494845
631,412,2,0.9156937484286559
631,517,3,0.9078246158220827
631,417,4,0.9046596263577045
631,21,5,0.8840284625401027
632,414,1,0.9601485447068548
632,690,2,0.9597071598090254
632,477,3,0.9404555703809405
632,2,4,0.9404328740693468
632,478,5,0.9264947914981961
633,650,1,0.9415093113026535
633,548,2,0.6461903669171085
633,551,3,0.6336279063618782
633,454,4,0.5080671011336342
633,512,5,0.4761360480087074
634,635,1,0.9998013409345351
634,636,2,0.9071484985459198
634,307,3,0.8483440597440259
634,599,4,0.8405343904473866
634,314,5,0.8023926568891552
635,634,1,0.9998013409345351
635,636,2,0.9065359115390932
635,307,3,0.851891617009501
635,599,4,0.8380059790448867
635,314,5,0.8043493211798164
636,634,1,0.9071484985459198
636,635,2,0.9065359115390932
636,306,3,0.8163043968712429
636,176,4,0.810098508158719
636,51,5,0.780655802462183
637,335,1,0.8413630684198525
637,638,2,0.8007237819635024
637,334,3,0.784394733476816
637,25,4,0.7788404686891162
637,359,5,0.7532837315118541
638,135,1,0.8307282321774477
638,334,2,0.8207344513686942
638,253,3,0.81784442835603
638,129,4,0.8131504104550674
638,637,5,0.8007237819635024
639,347,1,0.8452864301894357
639,349,2,0.8003572852758294
639,84,3,0.738313886697684
639,497,4,0.7257407575922183
639,638,5,0.7029731733717138
640,290,1,0.8771994377640961
640,676,2,0.8304061472723125
640,668,3,0.8233840677654677
640,289,4,0.8038298604078563
640,288,5,0.7998587261686448
641,474,1,0.8918517674300003
641,642,2,0.8398546546358353
641,475,3,0.8232919217950642
641,385,4,0.7754992846487563
641,207,5,0.7741938899613773
642,475,1,0.8719943974225712
642,474,2,0.8509604434907169
642,609,3,0.8487761044199763
642,641,4,0.8398546546358353
642,565,5,0.8228347239296689
643,207,1,0.8136178203126347
643,239,2,0.7858183279878211
643,29,3,0.6975624812770459
643,355,4,0.6897316075638488
643,609,5,0.6828672255144231
644,495,1,0.8218088795215128
644,354,2,0.7884153024477181
644,76,3,0.7026132647022771
644,249,4,0.6930115759258417
644,544,5,0.6926631570816112
645,77,1,0.9888561618863496
645,152,2,0.9334688481238125
645,153,3,0.9325564093415624
645,78,4,0.9267450966913156
645,149,5,0.871097662172003
646,233,1,0.9578801867033484
646,540,2,0.9119879549344808
646,329,3,0.8894881157077295
646,277,4,0.8697106885968167
646,575,5,0.8612525494339821
647,663,1,0.8817954937603586
647,366,2,0.8668896632145083
647,648,3,0.80822598187141
647,217,4,0.7774192114083507
647,666,5,0.7430653624581827
648,664,1,0.823830893902067
648,647,2,0.80822598187141
648,663,3,0.7412581305439555
648,366,4,0.7332009013609007
648,436,5,0.724989709713529
649,439,1,0.8818435262819647
649,15,2,0.849234229108811
649,516,3,0.8340042573779488
649,688,4,0.8329981057331997
649,525,5,0.7683287740102798
650,633,1,0.9415093113026535
650,548,2,0.674419257788174
650,551,3,0.6653275288965345
650,454,4,0.5466168731108267
650,512,5,0.5220505058510513
651,17,1,0.895144757424551
651,658,2,0.8585980627630211
651,382,3,0.4618053264732716
652,478,1,0.9382394562402426
652,414,2,0.9337130689956398
652,2,3,0.9264555803554834
652,441,4,0.9222657567027986
652,632,5,0.9003407503609776
653,689,1,0.8214013477037627
653,449,2,0.8089738433534815
653,588,3,0.7741234475427202
653,686,4,0.7090025504127514
653,6,5,0.6344319361245814
654,659,1,0.7823613915126615
654,629,2,0.7004069154217443
654,487,3,0.5367469079746172
654,623,4,0.34672096486992243
654,482,5,0.2897298647610864
655,586,1,0.8227543767951754
655,486,2,0.714015916878426
656,618,1,0.8780485591684773
656,551,2,0.8777069832181331
656,452,3,0.8716705504495303
656,662,4,0.862383793274011
656,548,5,0.8436455351446746
657,22,1,0.7614442873765503
658,17,1,0.8710081129029089
658,651,2,0.8585980627630211
658,382,3,0.4210562563211519
659,654,1,0.7823613915126615
659,487,2,0.6129162199679321
659,482,3,0.5911393682169674
659,623,4,0.541840871053085
659,629,5,0.43281390436283246
660,589,1,0.8612229882477564
660,556,2,0.7608735221252689
660,410,3,0.7434251200756367
660,488,4,0.7385424225132222
660,691,5,0.713985752877914
661,447,1,0.13001052385245995
662,492,1,0.9267439824615755
662,443,2,0.8871675449135779
662,444,3,0.8871675449135779
662,12,4,0.8315101195731139
662,11,5,0.7680628301479806
663,366,1,0.9151960798154462
663,217,2,0.8886992200187025
663,647,3,0.8817954937603586
663,666,4,0.757479212134416
663,664,5,0.7557899599512458
664,436,1,0.9345332404129776
664,648,2,0.823830893902067
664,366,3,0.7659886350712385
664,663,4,0.7557899599512458
664,647,5,0.7234439786521863
665,666,1,0.8494265612663157
665,648,2,0.7185102773544374
665,664,3,0.7139685712934203
665,663,4,0.663792032856729
665,647,5,0.655540324322418
666,665,1,0.8494265612663157
666,217,2,0.7904609978033545
666,663,3,0.757479212134416
666,647,4,0.7430653624581827
666,366,5,0.7205841193257309
667,418,1,0.93792731983607
667,403,2,0.9193161250449442
667,419,3,0.9100159253299089
667,401,4,0.8877001793097058
667,402,5,0.8853214582194134
668,363,1,0.8809665729938595
668,362,2,0.8797088651253594
668,676,3,0.8494451213132005
668,671,4,0.8310273587350089
668,640,5,0.8233840677654677
669,302,1,0.873884324620074
669,32,2,0.8386837994966221
669,33,3,0.8273077605937241
669,38,4,0.8224858692898726
669,56,5,0.8191020441501367
670,26,1,0.8690021885536854
670,368,2,0.8652710123034237
670,166,3,0.862358272865795
670,155,4,0.8174385554617597
670,367,5,0.8167109892268379
671,362,1,0.9589235440580236
671,363,2,0.9513675001036378
671,672,3,0.9182577261626768
671,364,4,0.8761388921635649
671,173,5,0.8399331416302824
672,364,1,0.945100884701024
672,173,2,0.9282300814365841
672,671,3,0.9182577261626768
672,362,4,0.8759701649555871
672,363,5,0.8648494716109192
673,529,1,0.6613656663258995
673,532,2,0.6458806286563884
673,324,3,0.638231395375758
673,640,4,0.6201905354495428
673,537,5,0.5925536505570403
674,174,1,0.8428708232258239
674,155,2,0.8237819956586429
674,670,3,0.8124867955800253
674,337,4,0.8071454369887376
674,365,5,0.762726793427095
675,606,1,0.9774784695157666
675,607,2,0.9293649798187961
675,566,3,0.6569421820502617
675,259,4,0.6411666444466044
675,463,5,0.6362966020286793
676,289,1,0.9612081520377411
676,679,2,0.9608829967343959
676,677,3,0.9108334517907907
676,288,4,0.8910588117924674
676,290,5,0.8907003418571046
677,288,1,0.942797733122587
677,676,2,0.9108334517907907
677,680,3,0.8912832420880276
677,679,4,0.8830961168481779
677,290,5,0.8686180890985052
678,509,1,0.9418720828780363
678,508,2,0.8709973020783012
678,338,3,0.8576569949139198
678,288,4,0.8525540101427148
678,58,5,0.8521161987473531
679,289,1,0.9856610995263171
679,676,2,0.9608829967343959
679,290,3,0.919286806268004
679,288,4,0.9191148180471697
679,677,5,0.8830961168481779
680,288,1,0.9179479286268236
680,677,2,0.8912832420880276
680,679,3,0.8590586341969749
680,290,4,0.8474939603560672
680,289,5,0.845287301878943
681,88,1,0.8408467722167029
681,683,2,0.7784910786471002
681,27,3,0.7559374675625686
681,291,4,0.69346715260191
681,30,5,0.6496550265689709
682,196,1,0.7512138911660956
682,264,2,0.6784300382791614
682,30,3,0.6439300382021567
682,35,4,0.637524826898929
682,291,5,0.6324994785036767
683,681,1,0.7784910786471002
683,88,2,0.700466430018038
683,291,3,0.6610895299703254
683,80,4,0.6554410738318915
683,30,5,0.6334800243667579
684,16,1,0.798063460969215
684,455,2,0.6478370999186549
684,408,3,0.5282443518657715
684,3,4,0.48750201639150964
684,378,5,0.48474780177277005
685,11,1,0.8188566660942534
685,492,2,0.7488482645619963
685,630,3,0.7149968171634549
685,443,4,0.6762965519638281
685,444,5,0.6762965519638281
686,689,1,0.8220677495307072
686,449,2,0.7554415643015492
686,653,3,0.7090025504127514
686,588,4,0.7013582415935229
686,6,5,0.6923273241607824
687,693,1,0.7464246164794115
687,694,2,0.7309281128387384
687,8,3,0.7061568159867443
687,622,4,0.6623089416761143
687,485,5,0.5734744501525361
688,15,1,0.9457205895095803
688,516,2,0.8804035292586996
688,439,3,0.8649769736436733
688,649,4,0.8329981057331997
688,525,5,0.7836379477175758
689,686,1,0.8220677495307072
689,653,2,0.8214013477037627
689,484,3,0.7355556669519515
689,481,4,0.712923097640701
689,6,5,0.7070815219823249
690,414,1,0.9598746815701349
690,632,2,0.9597071598090254
690,2,3,0.9391577166320235
690,477,4,0.9390654097209796
690,478,5,0.9254259506011848
691,560,1,0.924371762503698
691,555,2,0.746607066697928
691,660,3,0.713985752877914
691,410,4,0.686043923882242
691,488,5,0.6819048890925534
692,442,1,0.8120986211734385
692,553,2,0.8069472697641124
692,484,3,0.7814873511410599
692,413,4,0.7666185873001689
692,481,5,0.7659530237343268
693,622,1,0.7712780107953457
693,687,2,0.7464246164794115
693,694,3,0.7356881605812877
693,485,4,0.7337610993523885
693,8,5,0.6326595899811556
694,8,1,0.7375730151842635
694,693,2,0.7356881605812877
694,687,3,0.7309281128387384
694,622,4,0.45351451283156247
694,485,5,0.39668727849451674
